t,case_id,I_T,disp_vol,KB,KG,FSC,BM,KM,GM,delta,GM_eff,classical_GM_sign,GM_safe,a,r,s,SSB_status,PHASE3_envelope
0,CYCLIC_FATIGUE,3.6,8.0,0.55,0.8,0.03,0.45,1.0,0.19999999999999996,0.05,0.11999999999999995,STABLE,0.15,0.7999999999999997,0.2000000000000003,0.10000000000000028,ALLOW,ALLOW_NORMAL
1,CYCLIC_FATIGUE,3.6,8.0,0.55,0.8,0.03,0.45,1.0,0.19999999999999996,0.05,0.11999999999999995,STABLE,0.15,0.7999999999999997,0.2000000000000003,0.20000000000000057,ALLOW,ALLOW_NORMAL
2,CYCLIC_FATIGUE,3.6,8.0,0.55,0.8,0.03,0.45,1.0,0.19999999999999996,0.05,0.11999999999999995,STABLE,0.15,0.7999999999999997,0.2000000000000003,0.3000000000000008,ALLOW,ALLOW_NORMAL
3,CYCLIC_FATIGUE,3.6,8.0,0.55,0.8,0.03,0.45,1.0,0.19999999999999996,0.05,0.11999999999999995,STABLE,0.15,0.7999999999999997,0.2000000000000003,0.40000000000000113,ALLOW,ALLOW_NORMAL
4,CYCLIC_FATIGUE,3.6,8.0,0.55,0.8,0.03,0.45,1.0,0.19999999999999996,0.05,0.11999999999999995,STABLE,0.15,0.7999999999999997,0.2000000000000003,0.5000000000000014,ALLOW,ALLOW_NORMAL
5,CYCLIC_FATIGUE,3.6,8.0,0.55,0.8,0.03,0.45,1.0,0.19999999999999996,0.05,0.11999999999999995,STABLE,0.15,0.7999999999999997,0.2000000000000003,0.6000000000000018,ALLOW,ALLOW_NORMAL
6,CYCLIC_FATIGUE,3.6,8.0,0.55,0.8,0.03,0.45,1.0,0.19999999999999996,0.05,0.11999999999999995,STABLE,0.15,0.7999999999999997,0.2000000000000003,0.7000000000000021,ALLOW,ALLOW_NORMAL
7,CYCLIC_FATIGUE,3.6,8.0,0.55,0.8,0.03,0.45,1.0,0.19999999999999996,0.0,0.16999999999999996,STABLE,0.15,1.0,0.0,0.7000000000000021,ALLOW,ALLOW_NORMAL
8,CYCLIC_FATIGUE,3.6,8.0,0.55,0.8,0.03,0.45,1.0,0.19999999999999996,0.0,0.16999999999999996,STABLE,0.15,1.0,0.0,0.7000000000000021,ALLOW,ALLOW_NORMAL
9,CYCLIC_FATIGUE,3.6,8.0,0.55,0.8,0.03,0.45,1.0,0.19999999999999996,0.0,0.16999999999999996,STABLE,0.15,1.0,0.0,0.7000000000000021,ALLOW,ALLOW_NORMAL
10,CYCLIC_FATIGUE,3.6,8.0,0.55,0.8,0.03,0.45,1.0,0.19999999999999996,0.0,0.16999999999999996,STABLE,0.15,1.0,0.0,0.7000000000000021,ALLOW,ALLOW_NORMAL
11,CYCLIC_FATIGUE,3.6,8.0,0.55,0.8,0.03,0.45,1.0,0.19999999999999996,0.0,0.16999999999999996,STABLE,0.15,1.0,0.0,0.7000000000000021,ALLOW,ALLOW_NORMAL
12,CYCLIC_FATIGUE,3.6,8.0,0.55,0.8,0.03,0.45,1.0,0.19999999999999996,0.0,0.16999999999999996,STABLE,0.15,1.0,0.0,0.7000000000000021,ALLOW,ALLOW_NORMAL
13,CYCLIC_FATIGUE,3.6,8.0,0.55,0.8,0.03,0.45,1.0,0.19999999999999996,0.0,0.16999999999999996,STABLE,0.15,1.0,0.0,0.7000000000000021,ALLOW,ALLOW_NORMAL
14,CYCLIC_FATIGUE,3.6,8.0,0.55,0.8,0.03,0.45,1.0,0.19999999999999996,0.0,0.16999999999999996,STABLE,0.15,1.0,0.0,0.7000000000000021,ALLOW,ALLOW_NORMAL
15,CYCLIC_FATIGUE,3.6,8.0,0.55,0.8,0.03,0.45,1.0,0.19999999999999996,0.0,0.16999999999999996,STABLE,0.15,1.0,0.0,0.7000000000000021,ALLOW,ALLOW_NORMAL
16,CYCLIC_FATIGUE,3.6,8.0,0.55,0.8,0.03,0.45,1.0,0.19999999999999996,0.0,0.16999999999999996,STABLE,0.15,1.0,0.0,0.7000000000000021,ALLOW,ALLOW_NORMAL
17,CYCLIC_FATIGUE,3.6,8.0,0.55,0.8,0.03,0.45,1.0,0.19999999999999996,0.0,0.16999999999999996,STABLE,0.15,1.0,0.0,0.7000000000000021,ALLOW,ALLOW_NORMAL
18,CYCLIC_FATIGUE,3.6,8.0,0.55,0.8,0.03,0.45,1.0,0.19999999999999996,0.0,0.16999999999999996,STABLE,0.15,1.0,0.0,0.7000000000000021,ALLOW,ALLOW_NORMAL
19,CYCLIC_FATIGUE,3.6,8.0,0.55,0.8,0.03,0.45,1.0,0.19999999999999996,0.0,0.16999999999999996,STABLE,0.15,1.0,0.0,0.7000000000000021,ALLOW,ALLOW_NORMAL
20,CYCLIC_FATIGUE,3.6,8.0,0.55,0.8,0.03,0.45,1.0,0.19999999999999996,0.05,0.11999999999999995,STABLE,0.15,0.7999999999999997,0.2000000000000003,0.8000000000000024,ALLOW,ALLOW_RESTRICTED_MONITOR
21,CYCLIC_FATIGUE,3.6,8.0,0.55,0.8,0.03,0.45,1.0,0.19999999999999996,0.05,0.11999999999999995,STABLE,0.15,0.7999999999999997,0.2000000000000003,0.9000000000000027,ALLOW,ALLOW_RESTRICTED_MONITOR
22,CYCLIC_FATIGUE,3.6,8.0,0.55,0.8,0.03,0.45,1.0,0.19999999999999996,0.05,0.11999999999999995,STABLE,0.15,0.7999999999999997,0.2000000000000003,1.0000000000000029,DENY,DENY_FINAL
23,CYCLIC_FATIGUE,3.6,8.0,0.55,0.8,0.03,0.45,1.0,0.19999999999999996,0.05,0.11999999999999995,STABLE,0.15,0.7999999999999997,0.2000000000000003,1.1000000000000032,DENY,DENY_FINAL
24,CYCLIC_FATIGUE,3.6,8.0,0.55,0.8,0.03,0.45,1.0,0.19999999999999996,0.05,0.11999999999999995,STABLE,0.15,0.7999999999999997,0.2000000000000003,1.2000000000000035,DENY,DENY_FINAL
25,CYCLIC_FATIGUE,3.6,8.0,0.55,0.8,0.03,0.45,1.0,0.19999999999999996,0.05,0.11999999999999995,STABLE,0.15,0.7999999999999997,0.2000000000000003,1.3000000000000038,DENY,DENY_FINAL
26,CYCLIC_FATIGUE,3.6,8.0,0.55,0.8,0.03,0.45,1.0,0.19999999999999996,0.05,0.11999999999999995,STABLE,0.15,0.7999999999999997,0.2000000000000003,1.4000000000000041,DENY,DENY_FINAL
27,CYCLIC_FATIGUE,3.6,8.0,0.55,0.8,0.03,0.45,1.0,0.19999999999999996,0.0,0.16999999999999996,STABLE,0.15,1.0,0.0,1.4000000000000041,DENY,DENY_FINAL
28,CYCLIC_FATIGUE,3.6,8.0,0.55,0.8,0.03,0.45,1.0,0.19999999999999996,0.0,0.16999999999999996,STABLE,0.15,1.0,0.0,1.4000000000000041,DENY,DENY_FINAL
29,CYCLIC_FATIGUE,3.6,8.0,0.55,0.8,0.03,0.45,1.0,0.19999999999999996,0.0,0.16999999999999996,STABLE,0.15,1.0,0.0,1.4000000000000041,DENY,DENY_FINAL
30,CYCLIC_FATIGUE,3.6,8.0,0.55,0.8,0.03,0.45,1.0,0.19999999999999996,0.0,0.16999999999999996,STABLE,0.15,1.0,0.0,1.4000000000000041,DENY,DENY_FINAL
31,CYCLIC_FATIGUE,3.6,8.0,0.55,0.8,0.03,0.45,1.0,0.19999999999999996,0.0,0.16999999999999996,STABLE,0.15,1.0,0.0,1.4000000000000041,DENY,DENY_FINAL
32,CYCLIC_FATIGUE,3.6,8.0,0.55,0.8,0.03,0.45,1.0,0.19999999999999996,0.0,0.16999999999999996,STABLE,0.15,1.0,0.0,1.4000000000000041,DENY,DENY_FINAL
33,CYCLIC_FATIGUE,3.6,8.0,0.55,0.8,0.03,0.45,1.0,0.19999999999999996,0.0,0.16999999999999996,STABLE,0.15,1.0,0.0,1.4000000000000041,DENY,DENY_FINAL
34,CYCLIC_FATIGUE,3.6,8.0,0.55,0.8,0.03,0.45,1.0,0.19999999999999996,0.0,0.16999999999999996,STABLE,0.15,1.0,0.0,1.4000000000000041,DENY,DENY_FINAL
35,CYCLIC_FATIGUE,3.6,8.0,0.55,0.8,0.03,0.45,1.0,0.19999999999999996,0.0,0.16999999999999996,STABLE,0.15,1.0,0.0,1.4000000000000041,DENY,DENY_FINAL
36,CYCLIC_FATIGUE,3.6,8.0,0.55,0.8,0.03,0.45,1.0,0.19999999999999996,0.0,0.16999999999999996,STABLE,0.15,1.0,0.0,1.4000000000000041,DENY,DENY_FINAL
37,CYCLIC_FATIGUE,3.6,8.0,0.55,0.8,0.03,0.45,1.0,0.19999999999999996,0.0,0.16999999999999996,STABLE,0.15,1.0,0.0,1.4000000000000041,DENY,DENY_FINAL
38,CYCLIC_FATIGUE,3.6,8.0,0.55,0.8,0.03,0.45,1.0,0.19999999999999996,0.0,0.16999999999999996,STABLE,0.15,1.0,0.0,1.4000000000000041,DENY,DENY_FINAL
39,CYCLIC_FATIGUE,3.6,8.0,0.55,0.8,0.03,0.45,1.0,0.19999999999999996,0.0,0.16999999999999996,STABLE,0.15,1.0,0.0,1.4000000000000041,DENY,DENY_FINAL
40,CYCLIC_FATIGUE,3.6,8.0,0.55,0.8,0.03,0.45,1.0,0.19999999999999996,0.05,0.11999999999999995,STABLE,0.15,0.7999999999999997,0.2000000000000003,1.5000000000000044,DENY,DENY_FINAL
41,CYCLIC_FATIGUE,3.6,8.0,0.55,0.8,0.03,0.45,1.0,0.19999999999999996,0.05,0.11999999999999995,STABLE,0.15,0.7999999999999997,0.2000000000000003,1.6000000000000048,DENY,DENY_FINAL
42,CYCLIC_FATIGUE,3.6,8.0,0.55,0.8,0.03,0.45,1.0,0.19999999999999996,0.05,0.11999999999999995,STABLE,0.15,0.7999999999999997,0.2000000000000003,1.700000000000005,DENY,DENY_FINAL
43,CYCLIC_FATIGUE,3.6,8.0,0.55,0.8,0.03,0.45,1.0,0.19999999999999996,0.05,0.11999999999999995,STABLE,0.15,0.7999999999999997,0.2000000000000003,1.8000000000000054,DENY,DENY_FINAL
44,CYCLIC_FATIGUE,3.6,8.0,0.55,0.8,0.03,0.45,1.0,0.19999999999999996,0.05,0.11999999999999995,STABLE,0.15,0.7999999999999997,0.2000000000000003,1.9000000000000057,DENY,DENY_FINAL
45,CYCLIC_FATIGUE,3.6,8.0,0.55,0.8,0.03,0.45,1.0,0.19999999999999996,0.05,0.11999999999999995,STABLE,0.15,0.7999999999999997,0.2000000000000003,2.0000000000000058,DENY,DENY_FINAL
46,CYCLIC_FATIGUE,3.6,8.0,0.55,0.8,0.03,0.45,1.0,0.19999999999999996,0.05,0.11999999999999995,STABLE,0.15,0.7999999999999997,0.2000000000000003,2.100000000000006,DENY,DENY_FINAL
47,CYCLIC_FATIGUE,3.6,8.0,0.55,0.8,0.03,0.45,1.0,0.19999999999999996,0.0,0.16999999999999996,STABLE,0.15,1.0,0.0,2.100000000000006,DENY,DENY_FINAL
48,CYCLIC_FATIGUE,3.6,8.0,0.55,0.8,0.03,0.45,1.0,0.19999999999999996,0.0,0.16999999999999996,STABLE,0.15,1.0,0.0,2.100000000000006,DENY,DENY_FINAL
49,CYCLIC_FATIGUE,3.6,8.0,0.55,0.8,0.03,0.45,1.0,0.19999999999999996,0.0,0.16999999999999996,STABLE,0.15,1.0,0.0,2.100000000000006,DENY,DENY_FINAL
50,CYCLIC_FATIGUE,3.6,8.0,0.55,0.8,0.03,0.45,1.0,0.19999999999999996,0.0,0.16999999999999996,STABLE,0.15,1.0,0.0,2.100000000000006,DENY,DENY_FINAL
51,CYCLIC_FATIGUE,3.6,8.0,0.55,0.8,0.03,0.45,1.0,0.19999999999999996,0.0,0.16999999999999996,STABLE,0.15,1.0,0.0,2.100000000000006,DENY,DENY_FINAL
52,CYCLIC_FATIGUE,3.6,8.0,0.55,0.8,0.03,0.45,1.0,0.19999999999999996,0.0,0.16999999999999996,STABLE,0.15,1.0,0.0,2.100000000000006,DENY,DENY_FINAL
53,CYCLIC_FATIGUE,3.6,8.0,0.55,0.8,0.03,0.45,1.0,0.19999999999999996,0.0,0.16999999999999996,STABLE,0.15,1.0,0.0,2.100000000000006,DENY,DENY_FINAL
54,CYCLIC_FATIGUE,3.6,8.0,0.55,0.8,0.03,0.45,1.0,0.19999999999999996,0.0,0.16999999999999996,STABLE,0.15,1.0,0.0,2.100000000000006,DENY,DENY_FINAL
55,CYCLIC_FATIGUE,3.6,8.0,0.55,0.8,0.03,0.45,1.0,0.19999999999999996,0.0,0.16999999999999996,STABLE,0.15,1.0,0.0,2.100000000000006,DENY,DENY_FINAL
56,CYCLIC_FATIGUE,3.6,8.0,0.55,0.8,0.03,0.45,1.0,0.19999999999999996,0.0,0.16999999999999996,STABLE,0.15,1.0,0.0,2.100000000000006,DENY,DENY_FINAL
57,CYCLIC_FATIGUE,3.6,8.0,0.55,0.8,0.03,0.45,1.0,0.19999999999999996,0.0,0.16999999999999996,STABLE,0.15,1.0,0.0,2.100000000000006,DENY,DENY_FINAL
58,CYCLIC_FATIGUE,3.6,8.0,0.55,0.8,0.03,0.45,1.0,0.19999999999999996,0.0,0.16999999999999996,STABLE,0.15,1.0,0.0,2.100000000000006,DENY,DENY_FINAL
59,CYCLIC_FATIGUE,3.6,8.0,0.55,0.8,0.03,0.45,1.0,0.19999999999999996,0.0,0.16999999999999996,STABLE,0.15,1.0,0.0,2.100000000000006,DENY,DENY_FINAL
60,CYCLIC_FATIGUE,3.6,8.0,0.55,0.8,0.03,0.45,1.0,0.19999999999999996,0.05,0.11999999999999995,STABLE,0.15,0.7999999999999997,0.2000000000000003,2.200000000000006,DENY,DENY_FINAL
61,CYCLIC_FATIGUE,3.6,8.0,0.55,0.8,0.03,0.45,1.0,0.19999999999999996,0.05,0.11999999999999995,STABLE,0.15,0.7999999999999997,0.2000000000000003,2.300000000000006,DENY,DENY_FINAL
62,CYCLIC_FATIGUE,3.6,8.0,0.55,0.8,0.03,0.45,1.0,0.19999999999999996,0.05,0.11999999999999995,STABLE,0.15,0.7999999999999997,0.2000000000000003,2.400000000000006,DENY,DENY_FINAL
63,CYCLIC_FATIGUE,3.6,8.0,0.55,0.8,0.03,0.45,1.0,0.19999999999999996,0.05,0.11999999999999995,STABLE,0.15,0.7999999999999997,0.2000000000000003,2.500000000000006,DENY,DENY_FINAL
64,CYCLIC_FATIGUE,3.6,8.0,0.55,0.8,0.03,0.45,1.0,0.19999999999999996,0.05,0.11999999999999995,STABLE,0.15,0.7999999999999997,0.2000000000000003,2.6000000000000063,DENY,DENY_FINAL
65,CYCLIC_FATIGUE,3.6,8.0,0.55,0.8,0.03,0.45,1.0,0.19999999999999996,0.05,0.11999999999999995,STABLE,0.15,0.7999999999999997,0.2000000000000003,2.7000000000000064,DENY,DENY_FINAL
66,CYCLIC_FATIGUE,3.6,8.0,0.55,0.8,0.03,0.45,1.0,0.19999999999999996,0.05,0.11999999999999995,STABLE,0.15,0.7999999999999997,0.2000000000000003,2.8000000000000065,DENY,DENY_FINAL
67,CYCLIC_FATIGUE,3.6,8.0,0.55,0.8,0.03,0.45,1.0,0.19999999999999996,0.0,0.16999999999999996,STABLE,0.15,1.0,0.0,2.8000000000000065,DENY,DENY_FINAL
68,CYCLIC_FATIGUE,3.6,8.0,0.55,0.8,0.03,0.45,1.0,0.19999999999999996,0.0,0.16999999999999996,STABLE,0.15,1.0,0.0,2.8000000000000065,DENY,DENY_FINAL
69,CYCLIC_FATIGUE,3.6,8.0,0.55,0.8,0.03,0.45,1.0,0.19999999999999996,0.0,0.16999999999999996,STABLE,0.15,1.0,0.0,2.8000000000000065,DENY,DENY_FINAL
70,CYCLIC_FATIGUE,3.6,8.0,0.55,0.8,0.03,0.45,1.0,0.19999999999999996,0.0,0.16999999999999996,STABLE,0.15,1.0,0.0,2.8000000000000065,DENY,DENY_FINAL
71,CYCLIC_FATIGUE,3.6,8.0,0.55,0.8,0.03,0.45,1.0,0.19999999999999996,0.0,0.16999999999999996,STABLE,0.15,1.0,0.0,2.8000000000000065,DENY,DENY_FINAL
72,CYCLIC_FATIGUE,3.6,8.0,0.55,0.8,0.03,0.45,1.0,0.19999999999999996,0.0,0.16999999999999996,STABLE,0.15,1.0,0.0,2.8000000000000065,DENY,DENY_FINAL
73,CYCLIC_FATIGUE,3.6,8.0,0.55,0.8,0.03,0.45,1.0,0.19999999999999996,0.0,0.16999999999999996,STABLE,0.15,1.0,0.0,2.8000000000000065,DENY,DENY_FINAL
74,CYCLIC_FATIGUE,3.6,8.0,0.55,0.8,0.03,0.45,1.0,0.19999999999999996,0.0,0.16999999999999996,STABLE,0.15,1.0,0.0,2.8000000000000065,DENY,DENY_FINAL
75,CYCLIC_FATIGUE,3.6,8.0,0.55,0.8,0.03,0.45,1.0,0.19999999999999996,0.0,0.16999999999999996,STABLE,0.15,1.0,0.0,2.8000000000000065,DENY,DENY_FINAL
76,CYCLIC_FATIGUE,3.6,8.0,0.55,0.8,0.03,0.45,1.0,0.19999999999999996,0.0,0.16999999999999996,STABLE,0.15,1.0,0.0,2.8000000000000065,DENY,DENY_FINAL
77,CYCLIC_FATIGUE,3.6,8.0,0.55,0.8,0.03,0.45,1.0,0.19999999999999996,0.0,0.16999999999999996,STABLE,0.15,1.0,0.0,2.8000000000000065,DENY,DENY_FINAL
78,CYCLIC_FATIGUE,3.6,8.0,0.55,0.8,0.03,0.45,1.0,0.19999999999999996,0.0,0.16999999999999996,STABLE,0.15,1.0,0.0,2.8000000000000065,DENY,DENY_FINAL
79,CYCLIC_FATIGUE,3.6,8.0,0.55,0.8,0.03,0.45,1.0,0.19999999999999996,0.0,0.16999999999999996,STABLE,0.15,1.0,0.0,2.8000000000000065,DENY,DENY_FINAL
80,CYCLIC_FATIGUE,3.6,8.0,0.55,0.8,0.03,0.45,1.0,0.19999999999999996,0.05,0.11999999999999995,STABLE,0.15,0.7999999999999997,0.2000000000000003,2.9000000000000066,DENY,DENY_FINAL
81,CYCLIC_FATIGUE,3.6,8.0,0.55,0.8,0.03,0.45,1.0,0.19999999999999996,0.05,0.11999999999999995,STABLE,0.15,0.7999999999999997,0.2000000000000003,3.0000000000000067,DENY,DENY_FINAL
82,CYCLIC_FATIGUE,3.6,8.0,0.55,0.8,0.03,0.45,1.0,0.19999999999999996,0.05,0.11999999999999995,STABLE,0.15,0.7999999999999997,0.2000000000000003,3.1000000000000068,DENY,DENY_FINAL
83,CYCLIC_FATIGUE,3.6,8.0,0.55,0.8,0.03,0.45,1.0,0.19999999999999996,0.05,0.11999999999999995,STABLE,0.15,0.7999999999999997,0.2000000000000003,3.200000000000007,DENY,DENY_FINAL
84,CYCLIC_FATIGUE,3.6,8.0,0.55,0.8,0.03,0.45,1.0,0.19999999999999996,0.05,0.11999999999999995,STABLE,0.15,0.7999999999999997,0.2000000000000003,3.300000000000007,DENY,DENY_FINAL
85,CYCLIC_FATIGUE,3.6,8.0,0.55,0.8,0.03,0.45,1.0,0.19999999999999996,0.05,0.11999999999999995,STABLE,0.15,0.7999999999999997,0.2000000000000003,3.400000000000007,DENY,DENY_FINAL
86,CYCLIC_FATIGUE,3.6,8.0,0.55,0.8,0.03,0.45,1.0,0.19999999999999996,0.05,0.11999999999999995,STABLE,0.15,0.7999999999999997,0.2000000000000003,3.500000000000007,DENY,DENY_FINAL
87,CYCLIC_FATIGUE,3.6,8.0,0.55,0.8,0.03,0.45,1.0,0.19999999999999996,0.0,0.16999999999999996,STABLE,0.15,1.0,0.0,3.500000000000007,DENY,DENY_FINAL
88,CYCLIC_FATIGUE,3.6,8.0,0.55,0.8,0.03,0.45,1.0,0.19999999999999996,0.0,0.16999999999999996,STABLE,0.15,1.0,0.0,3.500000000000007,DENY,DENY_FINAL
89,CYCLIC_FATIGUE,3.6,8.0,0.55,0.8,0.03,0.45,1.0,0.19999999999999996,0.0,0.16999999999999996,STABLE,0.15,1.0,0.0,3.500000000000007,DENY,DENY_FINAL
90,CYCLIC_FATIGUE,3.6,8.0,0.55,0.8,0.03,0.45,1.0,0.19999999999999996,0.0,0.16999999999999996,STABLE,0.15,1.0,0.0,3.500000000000007,DENY,DENY_FINAL
91,CYCLIC_FATIGUE,3.6,8.0,0.55,0.8,0.03,0.45,1.0,0.19999999999999996,0.0,0.16999999999999996,STABLE,0.15,1.0,0.0,3.500000000000007,DENY,DENY_FINAL
92,CYCLIC_FATIGUE,3.6,8.0,0.55,0.8,0.03,0.45,1.0,0.19999999999999996,0.0,0.16999999999999996,STABLE,0.15,1.0,0.0,3.500000000000007,DENY,DENY_FINAL
93,CYCLIC_FATIGUE,3.6,8.0,0.55,0.8,0.03,0.45,1.0,0.19999999999999996,0.0,0.16999999999999996,STABLE,0.15,1.0,0.0,3.500000000000007,DENY,DENY_FINAL
94,CYCLIC_FATIGUE,3.6,8.0,0.55,0.8,0.03,0.45,1.0,0.19999999999999996,0.0,0.16999999999999996,STABLE,0.15,1.0,0.0,3.500000000000007,DENY,DENY_FINAL
95,CYCLIC_FATIGUE,3.6,8.0,0.55,0.8,0.03,0.45,1.0,0.19999999999999996,0.0,0.16999999999999996,STABLE,0.15,1.0,0.0,3.500000000000007,DENY,DENY_FINAL
96,CYCLIC_FATIGUE,3.6,8.0,0.55,0.8,0.03,0.45,1.0,0.19999999999999996,0.0,0.16999999999999996,STABLE,0.15,1.0,0.0,3.500000000000007,DENY,DENY_FINAL
97,CYCLIC_FATIGUE,3.6,8.0,0.55,0.8,0.03,0.45,1.0,0.19999999999999996,0.0,0.16999999999999996,STABLE,0.15,1.0,0.0,3.500000000000007,DENY,DENY_FINAL
98,CYCLIC_FATIGUE,3.6,8.0,0.55,0.8,0.03,0.45,1.0,0.19999999999999996,0.0,0.16999999999999996,STABLE,0.15,1.0,0.0,3.500000000000007,DENY,DENY_FINAL
99,CYCLIC_FATIGUE,3.6,8.0,0.55,0.8,0.03,0.45,1.0,0.19999999999999996,0.0,0.16999999999999996,STABLE,0.15,1.0,0.0,3.500000000000007,DENY,DENY_FINAL
100,CYCLIC_FATIGUE,3.6,8.0,0.55,0.8,0.03,0.45,1.0,0.19999999999999996,0.05,0.11999999999999995,STABLE,0.15,0.7999999999999997,0.2000000000000003,3.600000000000007,DENY,DENY_FINAL
101,CYCLIC_FATIGUE,3.6,8.0,0.55,0.8,0.03,0.45,1.0,0.19999999999999996,0.05,0.11999999999999995,STABLE,0.15,0.7999999999999997,0.2000000000000003,3.7000000000000073,DENY,DENY_FINAL
102,CYCLIC_FATIGUE,3.6,8.0,0.55,0.8,0.03,0.45,1.0,0.19999999999999996,0.05,0.11999999999999995,STABLE,0.15,0.7999999999999997,0.2000000000000003,3.8000000000000074,DENY,DENY_FINAL
103,CYCLIC_FATIGUE,3.6,8.0,0.55,0.8,0.03,0.45,1.0,0.19999999999999996,0.05,0.11999999999999995,STABLE,0.15,0.7999999999999997,0.2000000000000003,3.9000000000000075,DENY,DENY_FINAL
104,CYCLIC_FATIGUE,3.6,8.0,0.55,0.8,0.03,0.45,1.0,0.19999999999999996,0.05,0.11999999999999995,STABLE,0.15,0.7999999999999997,0.2000000000000003,4.000000000000008,DENY,DENY_FINAL
105,CYCLIC_FATIGUE,3.6,8.0,0.55,0.8,0.03,0.45,1.0,0.19999999999999996,0.05,0.11999999999999995,STABLE,0.15,0.7999999999999997,0.2000000000000003,4.1000000000000085,DENY,DENY_FINAL
106,CYCLIC_FATIGUE,3.6,8.0,0.55,0.8,0.03,0.45,1.0,0.19999999999999996,0.05,0.11999999999999995,STABLE,0.15,0.7999999999999997,0.2000000000000003,4.200000000000009,DENY,DENY_FINAL
107,CYCLIC_FATIGUE,3.6,8.0,0.55,0.8,0.03,0.45,1.0,0.19999999999999996,0.0,0.16999999999999996,STABLE,0.15,1.0,0.0,4.200000000000009,DENY,DENY_FINAL
108,CYCLIC_FATIGUE,3.6,8.0,0.55,0.8,0.03,0.45,1.0,0.19999999999999996,0.0,0.16999999999999996,STABLE,0.15,1.0,0.0,4.200000000000009,DENY,DENY_FINAL
109,CYCLIC_FATIGUE,3.6,8.0,0.55,0.8,0.03,0.45,1.0,0.19999999999999996,0.0,0.16999999999999996,STABLE,0.15,1.0,0.0,4.200000000000009,DENY,DENY_FINAL
110,CYCLIC_FATIGUE,3.6,8.0,0.55,0.8,0.03,0.45,1.0,0.19999999999999996,0.0,0.16999999999999996,STABLE,0.15,1.0,0.0,4.200000000000009,DENY,DENY_FINAL
111,CYCLIC_FATIGUE,3.6,8.0,0.55,0.8,0.03,0.45,1.0,0.19999999999999996,0.0,0.16999999999999996,STABLE,0.15,1.0,0.0,4.200000000000009,DENY,DENY_FINAL
112,CYCLIC_FATIGUE,3.6,8.0,0.55,0.8,0.03,0.45,1.0,0.19999999999999996,0.0,0.16999999999999996,STABLE,0.15,1.0,0.0,4.200000000000009,DENY,DENY_FINAL
113,CYCLIC_FATIGUE,3.6,8.0,0.55,0.8,0.03,0.45,1.0,0.19999999999999996,0.0,0.16999999999999996,STABLE,0.15,1.0,0.0,4.200000000000009,DENY,DENY_FINAL
114,CYCLIC_FATIGUE,3.6,8.0,0.55,0.8,0.03,0.45,1.0,0.19999999999999996,0.0,0.16999999999999996,STABLE,0.15,1.0,0.0,4.200000000000009,DENY,DENY_FINAL
115,CYCLIC_FATIGUE,3.6,8.0,0.55,0.8,0.03,0.45,1.0,0.19999999999999996,0.0,0.16999999999999996,STABLE,0.15,1.0,0.0,4.200000000000009,DENY,DENY_FINAL
116,CYCLIC_FATIGUE,3.6,8.0,0.55,0.8,0.03,0.45,1.0,0.19999999999999996,0.0,0.16999999999999996,STABLE,0.15,1.0,0.0,4.200000000000009,DENY,DENY_FINAL
117,CYCLIC_FATIGUE,3.6,8.0,0.55,0.8,0.03,0.45,1.0,0.19999999999999996,0.0,0.16999999999999996,STABLE,0.15,1.0,0.0,4.200000000000009,DENY,DENY_FINAL
118,CYCLIC_FATIGUE,3.6,8.0,0.55,0.8,0.03,0.45,1.0,0.19999999999999996,0.0,0.16999999999999996,STABLE,0.15,1.0,0.0,4.200000000000009,DENY,DENY_FINAL
119,CYCLIC_FATIGUE,3.6,8.0,0.55,0.8,0.03,0.45,1.0,0.19999999999999996,0.0,0.16999999999999996,STABLE,0.15,1.0,0.0,4.200000000000009,DENY,DENY_FINAL
120,CYCLIC_FATIGUE,3.6,8.0,0.55,0.8,0.03,0.45,1.0,0.19999999999999996,0.05,0.11999999999999995,STABLE,0.15,0.7999999999999997,0.2000000000000003,4.30000000000001,DENY,DENY_FINAL
121,CYCLIC_FATIGUE,3.6,8.0,0.55,0.8,0.03,0.45,1.0,0.19999999999999996,0.05,0.11999999999999995,STABLE,0.15,0.7999999999999997,0.2000000000000003,4.40000000000001,DENY,DENY_FINAL
122,CYCLIC_FATIGUE,3.6,8.0,0.55,0.8,0.03,0.45,1.0,0.19999999999999996,0.05,0.11999999999999995,STABLE,0.15,0.7999999999999997,0.2000000000000003,4.500000000000011,DENY,DENY_FINAL
123,CYCLIC_FATIGUE,3.6,8.0,0.55,0.8,0.03,0.45,1.0,0.19999999999999996,0.05,0.11999999999999995,STABLE,0.15,0.7999999999999997,0.2000000000000003,4.600000000000011,DENY,DENY_FINAL
124,CYCLIC_FATIGUE,3.6,8.0,0.55,0.8,0.03,0.45,1.0,0.19999999999999996,0.05,0.11999999999999995,STABLE,0.15,0.7999999999999997,0.2000000000000003,4.700000000000012,DENY,DENY_FINAL
125,CYCLIC_FATIGUE,3.6,8.0,0.55,0.8,0.03,0.45,1.0,0.19999999999999996,0.05,0.11999999999999995,STABLE,0.15,0.7999999999999997,0.2000000000000003,4.800000000000012,DENY,DENY_FINAL
126,CYCLIC_FATIGUE,3.6,8.0,0.55,0.8,0.03,0.45,1.0,0.19999999999999996,0.05,0.11999999999999995,STABLE,0.15,0.7999999999999997,0.2000000000000003,4.900000000000013,DENY,DENY_FINAL
127,CYCLIC_FATIGUE,3.6,8.0,0.55,0.8,0.03,0.45,1.0,0.19999999999999996,0.0,0.16999999999999996,STABLE,0.15,1.0,0.0,4.900000000000013,DENY,DENY_FINAL
128,CYCLIC_FATIGUE,3.6,8.0,0.55,0.8,0.03,0.45,1.0,0.19999999999999996,0.0,0.16999999999999996,STABLE,0.15,1.0,0.0,4.900000000000013,DENY,DENY_FINAL
129,CYCLIC_FATIGUE,3.6,8.0,0.55,0.8,0.03,0.45,1.0,0.19999999999999996,0.0,0.16999999999999996,STABLE,0.15,1.0,0.0,4.900000000000013,DENY,DENY_FINAL
130,CYCLIC_FATIGUE,3.6,8.0,0.55,0.8,0.03,0.45,1.0,0.19999999999999996,0.0,0.16999999999999996,STABLE,0.15,1.0,0.0,4.900000000000013,DENY,DENY_FINAL
131,CYCLIC_FATIGUE,3.6,8.0,0.55,0.8,0.03,0.45,1.0,0.19999999999999996,0.0,0.16999999999999996,STABLE,0.15,1.0,0.0,4.900000000000013,DENY,DENY_FINAL
132,CYCLIC_FATIGUE,3.6,8.0,0.55,0.8,0.03,0.45,1.0,0.19999999999999996,0.0,0.16999999999999996,STABLE,0.15,1.0,0.0,4.900000000000013,DENY,DENY_FINAL
133,CYCLIC_FATIGUE,3.6,8.0,0.55,0.8,0.03,0.45,1.0,0.19999999999999996,0.0,0.16999999999999996,STABLE,0.15,1.0,0.0,4.900000000000013,DENY,DENY_FINAL
134,CYCLIC_FATIGUE,3.6,8.0,0.55,0.8,0.03,0.45,1.0,0.19999999999999996,0.0,0.16999999999999996,STABLE,0.15,1.0,0.0,4.900000000000013,DENY,DENY_FINAL
135,CYCLIC_FATIGUE,3.6,8.0,0.55,0.8,0.03,0.45,1.0,0.19999999999999996,0.0,0.16999999999999996,STABLE,0.15,1.0,0.0,4.900000000000013,DENY,DENY_FINAL
136,CYCLIC_FATIGUE,3.6,8.0,0.55,0.8,0.03,0.45,1.0,0.19999999999999996,0.0,0.16999999999999996,STABLE,0.15,1.0,0.0,4.900000000000013,DENY,DENY_FINAL
137,CYCLIC_FATIGUE,3.6,8.0,0.55,0.8,0.03,0.45,1.0,0.19999999999999996,0.0,0.16999999999999996,STABLE,0.15,1.0,0.0,4.900000000000013,DENY,DENY_FINAL
138,CYCLIC_FATIGUE,3.6,8.0,0.55,0.8,0.03,0.45,1.0,0.19999999999999996,0.0,0.16999999999999996,STABLE,0.15,1.0,0.0,4.900000000000013,DENY,DENY_FINAL
139,CYCLIC_FATIGUE,3.6,8.0,0.55,0.8,0.03,0.45,1.0,0.19999999999999996,0.0,0.16999999999999996,STABLE,0.15,1.0,0.0,4.900000000000013,DENY,DENY_FINAL
140,CYCLIC_FATIGUE,3.6,8.0,0.55,0.8,0.03,0.45,1.0,0.19999999999999996,0.05,0.11999999999999995,STABLE,0.15,0.7999999999999997,0.2000000000000003,5.000000000000013,DENY,DENY_FINAL
141,CYCLIC_FATIGUE,3.6,8.0,0.55,0.8,0.03,0.45,1.0,0.19999999999999996,0.05,0.11999999999999995,STABLE,0.15,0.7999999999999997,0.2000000000000003,5.100000000000014,DENY,DENY_FINAL
142,CYCLIC_FATIGUE,3.6,8.0,0.55,0.8,0.03,0.45,1.0,0.19999999999999996,0.05,0.11999999999999995,STABLE,0.15,0.7999999999999997,0.2000000000000003,5.200000000000014,DENY,DENY_FINAL
143,CYCLIC_FATIGUE,3.6,8.0,0.55,0.8,0.03,0.45,1.0,0.19999999999999996,0.05,0.11999999999999995,STABLE,0.15,0.7999999999999997,0.2000000000000003,5.300000000000015,DENY,DENY_FINAL
144,CYCLIC_FATIGUE,3.6,8.0,0.55,0.8,0.03,0.45,1.0,0.19999999999999996,0.05,0.11999999999999995,STABLE,0.15,0.7999999999999997,0.2000000000000003,5.4000000000000155,DENY,DENY_FINAL
145,CYCLIC_FATIGUE,3.6,8.0,0.55,0.8,0.03,0.45,1.0,0.19999999999999996,0.05,0.11999999999999995,STABLE,0.15,0.7999999999999997,0.2000000000000003,5.500000000000016,DENY,DENY_FINAL
146,CYCLIC_FATIGUE,3.6,8.0,0.55,0.8,0.03,0.45,1.0,0.19999999999999996,0.05,0.11999999999999995,STABLE,0.15,0.7999999999999997,0.2000000000000003,5.6000000000000165,DENY,DENY_FINAL
147,CYCLIC_FATIGUE,3.6,8.0,0.55,0.8,0.03,0.45,1.0,0.19999999999999996,0.0,0.16999999999999996,STABLE,0.15,1.0,0.0,5.6000000000000165,DENY,DENY_FINAL
148,CYCLIC_FATIGUE,3.6,8.0,0.55,0.8,0.03,0.45,1.0,0.19999999999999996,0.0,0.16999999999999996,STABLE,0.15,1.0,0.0,5.6000000000000165,DENY,DENY_FINAL
149,CYCLIC_FATIGUE,3.6,8.0,0.55,0.8,0.03,0.45,1.0,0.19999999999999996,0.0,0.16999999999999996,STABLE,0.15,1.0,0.0,5.6000000000000165,DENY,DENY_FINAL
150,CYCLIC_FATIGUE,3.6,8.0,0.55,0.8,0.03,0.45,1.0,0.19999999999999996,0.0,0.16999999999999996,STABLE,0.15,1.0,0.0,5.6000000000000165,DENY,DENY_FINAL
151,CYCLIC_FATIGUE,3.6,8.0,0.55,0.8,0.03,0.45,1.0,0.19999999999999996,0.0,0.16999999999999996,STABLE,0.15,1.0,0.0,5.6000000000000165,DENY,DENY_FINAL
152,CYCLIC_FATIGUE,3.6,8.0,0.55,0.8,0.03,0.45,1.0,0.19999999999999996,0.0,0.16999999999999996,STABLE,0.15,1.0,0.0,5.6000000000000165,DENY,DENY_FINAL
153,CYCLIC_FATIGUE,3.6,8.0,0.55,0.8,0.03,0.45,1.0,0.19999999999999996,0.0,0.16999999999999996,STABLE,0.15,1.0,0.0,5.6000000000000165,DENY,DENY_FINAL
154,CYCLIC_FATIGUE,3.6,8.0,0.55,0.8,0.03,0.45,1.0,0.19999999999999996,0.0,0.16999999999999996,STABLE,0.15,1.0,0.0,5.6000000000000165,DENY,DENY_FINAL
155,CYCLIC_FATIGUE,3.6,8.0,0.55,0.8,0.03,0.45,1.0,0.19999999999999996,0.0,0.16999999999999996,STABLE,0.15,1.0,0.0,5.6000000000000165,DENY,DENY_FINAL
156,CYCLIC_FATIGUE,3.6,8.0,0.55,0.8,0.03,0.45,1.0,0.19999999999999996,0.0,0.16999999999999996,STABLE,0.15,1.0,0.0,5.6000000000000165,DENY,DENY_FINAL
157,CYCLIC_FATIGUE,3.6,8.0,0.55,0.8,0.03,0.45,1.0,0.19999999999999996,0.0,0.16999999999999996,STABLE,0.15,1.0,0.0,5.6000000000000165,DENY,DENY_FINAL
158,CYCLIC_FATIGUE,3.6,8.0,0.55,0.8,0.03,0.45,1.0,0.19999999999999996,0.0,0.16999999999999996,STABLE,0.15,1.0,0.0,5.6000000000000165,DENY,DENY_FINAL
159,CYCLIC_FATIGUE,3.6,8.0,0.55,0.8,0.03,0.45,1.0,0.19999999999999996,0.0,0.16999999999999996,STABLE,0.15,1.0,0.0,5.6000000000000165,DENY,DENY_FINAL
160,CYCLIC_FATIGUE,3.6,8.0,0.55,0.8,0.03,0.45,1.0,0.19999999999999996,0.05,0.11999999999999995,STABLE,0.15,0.7999999999999997,0.2000000000000003,5.700000000000017,DENY,DENY_FINAL
161,CYCLIC_FATIGUE,3.6,8.0,0.55,0.8,0.03,0.45,1.0,0.19999999999999996,0.05,0.11999999999999995,STABLE,0.15,0.7999999999999997,0.2000000000000003,5.800000000000018,DENY,DENY_FINAL
162,CYCLIC_FATIGUE,3.6,8.0,0.55,0.8,0.03,0.45,1.0,0.19999999999999996,0.05,0.11999999999999995,STABLE,0.15,0.7999999999999997,0.2000000000000003,5.900000000000018,DENY,DENY_FINAL
163,CYCLIC_FATIGUE,3.6,8.0,0.55,0.8,0.03,0.45,1.0,0.19999999999999996,0.05,0.11999999999999995,STABLE,0.15,0.7999999999999997,0.2000000000000003,6.000000000000019,DENY,DENY_FINAL
164,CYCLIC_FATIGUE,3.6,8.0,0.55,0.8,0.03,0.45,1.0,0.19999999999999996,0.05,0.11999999999999995,STABLE,0.15,0.7999999999999997,0.2000000000000003,6.100000000000019,DENY,DENY_FINAL
165,CYCLIC_FATIGUE,3.6,8.0,0.55,0.8,0.03,0.45,1.0,0.19999999999999996,0.05,0.11999999999999995,STABLE,0.15,0.7999999999999997,0.2000000000000003,6.20000000000002,DENY,DENY_FINAL
166,CYCLIC_FATIGUE,3.6,8.0,0.55,0.8,0.03,0.45,1.0,0.19999999999999996,0.05,0.11999999999999995,STABLE,0.15,0.7999999999999997,0.2000000000000003,6.30000000000002,DENY,DENY_FINAL
167,CYCLIC_FATIGUE,3.6,8.0,0.55,0.8,0.03,0.45,1.0,0.19999999999999996,0.0,0.16999999999999996,STABLE,0.15,1.0,0.0,6.30000000000002,DENY,DENY_FINAL
168,CYCLIC_FATIGUE,3.6,8.0,0.55,0.8,0.03,0.45,1.0,0.19999999999999996,0.0,0.16999999999999996,STABLE,0.15,1.0,0.0,6.30000000000002,DENY,DENY_FINAL
169,CYCLIC_FATIGUE,3.6,8.0,0.55,0.8,0.03,0.45,1.0,0.19999999999999996,0.0,0.16999999999999996,STABLE,0.15,1.0,0.0,6.30000000000002,DENY,DENY_FINAL
170,CYCLIC_FATIGUE,3.6,8.0,0.55,0.8,0.03,0.45,1.0,0.19999999999999996,0.0,0.16999999999999996,STABLE,0.15,1.0,0.0,6.30000000000002,DENY,DENY_FINAL
171,CYCLIC_FATIGUE,3.6,8.0,0.55,0.8,0.03,0.45,1.0,0.19999999999999996,0.0,0.16999999999999996,STABLE,0.15,1.0,0.0,6.30000000000002,DENY,DENY_FINAL
172,CYCLIC_FATIGUE,3.6,8.0,0.55,0.8,0.03,0.45,1.0,0.19999999999999996,0.0,0.16999999999999996,STABLE,0.15,1.0,0.0,6.30000000000002,DENY,DENY_FINAL
173,CYCLIC_FATIGUE,3.6,8.0,0.55,0.8,0.03,0.45,1.0,0.19999999999999996,0.0,0.16999999999999996,STABLE,0.15,1.0,0.0,6.30000000000002,DENY,DENY_FINAL
174,CYCLIC_FATIGUE,3.6,8.0,0.55,0.8,0.03,0.45,1.0,0.19999999999999996,0.0,0.16999999999999996,STABLE,0.15,1.0,0.0,6.30000000000002,DENY,DENY_FINAL
175,CYCLIC_FATIGUE,3.6,8.0,0.55,0.8,0.03,0.45,1.0,0.19999999999999996,0.0,0.16999999999999996,STABLE,0.15,1.0,0.0,6.30000000000002,DENY,DENY_FINAL
176,CYCLIC_FATIGUE,3.6,8.0,0.55,0.8,0.03,0.45,1.0,0.19999999999999996,0.0,0.16999999999999996,STABLE,0.15,1.0,0.0,6.30000000000002,DENY,DENY_FINAL
177,CYCLIC_FATIGUE,3.6,8.0,0.55,0.8,0.03,0.45,1.0,0.19999999999999996,0.0,0.16999999999999996,STABLE,0.15,1.0,0.0,6.30000000000002,DENY,DENY_FINAL
178,CYCLIC_FATIGUE,3.6,8.0,0.55,0.8,0.03,0.45,1.0,0.19999999999999996,0.0,0.16999999999999996,STABLE,0.15,1.0,0.0,6.30000000000002,DENY,DENY_FINAL
179,CYCLIC_FATIGUE,3.6,8.0,0.55,0.8,0.03,0.45,1.0,0.19999999999999996,0.0,0.16999999999999996,STABLE,0.15,1.0,0.0,6.30000000000002,DENY,DENY_FINAL
180,CYCLIC_FATIGUE,3.6,8.0,0.55,0.8,0.03,0.45,1.0,0.19999999999999996,0.05,0.11999999999999995,STABLE,0.15,0.7999999999999997,0.2000000000000003,6.400000000000021,DENY,DENY_FINAL
181,CYCLIC_FATIGUE,3.6,8.0,0.55,0.8,0.03,0.45,1.0,0.19999999999999996,0.05,0.11999999999999995,STABLE,0.15,0.7999999999999997,0.2000000000000003,6.500000000000021,DENY,DENY_FINAL
182,CYCLIC_FATIGUE,3.6,8.0,0.55,0.8,0.03,0.45,1.0,0.19999999999999996,0.05,0.11999999999999995,STABLE,0.15,0.7999999999999997,0.2000000000000003,6.600000000000022,DENY,DENY_FINAL
183,CYCLIC_FATIGUE,3.6,8.0,0.55,0.8,0.03,0.45,1.0,0.19999999999999996,0.05,0.11999999999999995,STABLE,0.15,0.7999999999999997,0.2000000000000003,6.700000000000022,DENY,DENY_FINAL
184,CYCLIC_FATIGUE,3.6,8.0,0.55,0.8,0.03,0.45,1.0,0.19999999999999996,0.05,0.11999999999999995,STABLE,0.15,0.7999999999999997,0.2000000000000003,6.800000000000023,DENY,DENY_FINAL
185,CYCLIC_FATIGUE,3.6,8.0,0.55,0.8,0.03,0.45,1.0,0.19999999999999996,0.05,0.11999999999999995,STABLE,0.15,0.7999999999999997,0.2000000000000003,6.9000000000000234,DENY,DENY_FINAL
186,CYCLIC_FATIGUE,3.6,8.0,0.55,0.8,0.03,0.45,1.0,0.19999999999999996,0.05,0.11999999999999995,STABLE,0.15,0.7999999999999997,0.2000000000000003,7.000000000000024,DENY,DENY_FINAL
187,CYCLIC_FATIGUE,3.6,8.0,0.55,0.8,0.03,0.45,1.0,0.19999999999999996,0.0,0.16999999999999996,STABLE,0.15,1.0,0.0,7.000000000000024,DENY,DENY_FINAL
188,CYCLIC_FATIGUE,3.6,8.0,0.55,0.8,0.03,0.45,1.0,0.19999999999999996,0.0,0.16999999999999996,STABLE,0.15,1.0,0.0,7.000000000000024,DENY,DENY_FINAL
189,CYCLIC_FATIGUE,3.6,8.0,0.55,0.8,0.03,0.45,1.0,0.19999999999999996,0.0,0.16999999999999996,STABLE,0.15,1.0,0.0,7.000000000000024,DENY,DENY_FINAL
190,CYCLIC_FATIGUE,3.6,8.0,0.55,0.8,0.03,0.45,1.0,0.19999999999999996,0.0,0.16999999999999996,STABLE,0.15,1.0,0.0,7.000000000000024,DENY,DENY_FINAL
191,CYCLIC_FATIGUE,3.6,8.0,0.55,0.8,0.03,0.45,1.0,0.19999999999999996,0.0,0.16999999999999996,STABLE,0.15,1.0,0.0,7.000000000000024,DENY,DENY_FINAL
192,CYCLIC_FATIGUE,3.6,8.0,0.55,0.8,0.03,0.45,1.0,0.19999999999999996,0.0,0.16999999999999996,STABLE,0.15,1.0,0.0,7.000000000000024,DENY,DENY_FINAL
193,CYCLIC_FATIGUE,3.6,8.0,0.55,0.8,0.03,0.45,1.0,0.19999999999999996,0.0,0.16999999999999996,STABLE,0.15,1.0,0.0,7.000000000000024,DENY,DENY_FINAL
194,CYCLIC_FATIGUE,3.6,8.0,0.55,0.8,0.03,0.45,1.0,0.19999999999999996,0.0,0.16999999999999996,STABLE,0.15,1.0,0.0,7.000000000000024,DENY,DENY_FINAL
195,CYCLIC_FATIGUE,3.6,8.0,0.55,0.8,0.03,0.45,1.0,0.19999999999999996,0.0,0.16999999999999996,STABLE,0.15,1.0,0.0,7.000000000000024,DENY,DENY_FINAL
196,CYCLIC_FATIGUE,3.6,8.0,0.55,0.8,0.03,0.45,1.0,0.19999999999999996,0.0,0.16999999999999996,STABLE,0.15,1.0,0.0,7.000000000000024,DENY,DENY_FINAL
197,CYCLIC_FATIGUE,3.6,8.0,0.55,0.8,0.03,0.45,1.0,0.19999999999999996,0.0,0.16999999999999996,STABLE,0.15,1.0,0.0,7.000000000000024,DENY,DENY_FINAL
198,CYCLIC_FATIGUE,3.6,8.0,0.55,0.8,0.03,0.45,1.0,0.19999999999999996,0.0,0.16999999999999996,STABLE,0.15,1.0,0.0,7.000000000000024,DENY,DENY_FINAL
199,CYCLIC_FATIGUE,3.6,8.0,0.55,0.8,0.03,0.45,1.0,0.19999999999999996,0.0,0.16999999999999996,STABLE,0.15,1.0,0.0,7.000000000000024,DENY,DENY_FINAL
200,CYCLIC_FATIGUE,3.6,8.0,0.55,0.8,0.03,0.45,1.0,0.19999999999999996,0.05,0.11999999999999995,STABLE,0.15,0.7999999999999997,0.2000000000000003,7.1000000000000245,DENY,DENY_FINAL
201,CYCLIC_FATIGUE,3.6,8.0,0.55,0.8,0.03,0.45,1.0,0.19999999999999996,0.05,0.11999999999999995,STABLE,0.15,0.7999999999999997,0.2000000000000003,7.200000000000025,DENY,DENY_FINAL
202,CYCLIC_FATIGUE,3.6,8.0,0.55,0.8,0.03,0.45,1.0,0.19999999999999996,0.05,0.11999999999999995,STABLE,0.15,0.7999999999999997,0.2000000000000003,7.300000000000026,DENY,DENY_FINAL
203,CYCLIC_FATIGUE,3.6,8.0,0.55,0.8,0.03,0.45,1.0,0.19999999999999996,0.05,0.11999999999999995,STABLE,0.15,0.7999999999999997,0.2000000000000003,7.400000000000026,DENY,DENY_FINAL
204,CYCLIC_FATIGUE,3.6,8.0,0.55,0.8,0.03,0.45,1.0,0.19999999999999996,0.05,0.11999999999999995,STABLE,0.15,0.7999999999999997,0.2000000000000003,7.500000000000027,DENY,DENY_FINAL
205,CYCLIC_FATIGUE,3.6,8.0,0.55,0.8,0.03,0.45,1.0,0.19999999999999996,0.05,0.11999999999999995,STABLE,0.15,0.7999999999999997,0.2000000000000003,7.600000000000027,DENY,DENY_FINAL
206,CYCLIC_FATIGUE,3.6,8.0,0.55,0.8,0.03,0.45,1.0,0.19999999999999996,0.05,0.11999999999999995,STABLE,0.15,0.7999999999999997,0.2000000000000003,7.700000000000028,DENY,DENY_FINAL
207,CYCLIC_FATIGUE,3.6,8.0,0.55,0.8,0.03,0.45,1.0,0.19999999999999996,0.0,0.16999999999999996,STABLE,0.15,1.0,0.0,7.700000000000028,DENY,DENY_FINAL
208,CYCLIC_FATIGUE,3.6,8.0,0.55,0.8,0.03,0.45,1.0,0.19999999999999996,0.0,0.16999999999999996,STABLE,0.15,1.0,0.0,7.700000000000028,DENY,DENY_FINAL
209,CYCLIC_FATIGUE,3.6,8.0,0.55,0.8,0.03,0.45,1.0,0.19999999999999996,0.0,0.16999999999999996,STABLE,0.15,1.0,0.0,7.700000000000028,DENY,DENY_FINAL
210,CYCLIC_FATIGUE,3.6,8.0,0.55,0.8,0.03,0.45,1.0,0.19999999999999996,0.0,0.16999999999999996,STABLE,0.15,1.0,0.0,7.700000000000028,DENY,DENY_FINAL
211,CYCLIC_FATIGUE,3.6,8.0,0.55,0.8,0.03,0.45,1.0,0.19999999999999996,0.0,0.16999999999999996,STABLE,0.15,1.0,0.0,7.700000000000028,DENY,DENY_FINAL
212,CYCLIC_FATIGUE,3.6,8.0,0.55,0.8,0.03,0.45,1.0,0.19999999999999996,0.0,0.16999999999999996,STABLE,0.15,1.0,0.0,7.700000000000028,DENY,DENY_FINAL
213,CYCLIC_FATIGUE,3.6,8.0,0.55,0.8,0.03,0.45,1.0,0.19999999999999996,0.0,0.16999999999999996,STABLE,0.15,1.0,0.0,7.700000000000028,DENY,DENY_FINAL
214,CYCLIC_FATIGUE,3.6,8.0,0.55,0.8,0.03,0.45,1.0,0.19999999999999996,0.0,0.16999999999999996,STABLE,0.15,1.0,0.0,7.700000000000028,DENY,DENY_FINAL
215,CYCLIC_FATIGUE,3.6,8.0,0.55,0.8,0.03,0.45,1.0,0.19999999999999996,0.0,0.16999999999999996,STABLE,0.15,1.0,0.0,7.700000000000028,DENY,DENY_FINAL
216,CYCLIC_FATIGUE,3.6,8.0,0.55,0.8,0.03,0.45,1.0,0.19999999999999996,0.0,0.16999999999999996,STABLE,0.15,1.0,0.0,7.700000000000028,DENY,DENY_FINAL
217,CYCLIC_FATIGUE,3.6,8.0,0.55,0.8,0.03,0.45,1.0,0.19999999999999996,0.0,0.16999999999999996,STABLE,0.15,1.0,0.0,7.700000000000028,DENY,DENY_FINAL
218,CYCLIC_FATIGUE,3.6,8.0,0.55,0.8,0.03,0.45,1.0,0.19999999999999996,0.0,0.16999999999999996,STABLE,0.15,1.0,0.0,7.700000000000028,DENY,DENY_FINAL
219,CYCLIC_FATIGUE,3.6,8.0,0.55,0.8,0.03,0.45,1.0,0.19999999999999996,0.0,0.16999999999999996,STABLE,0.15,1.0,0.0,7.700000000000028,DENY,DENY_FINAL
220,CYCLIC_FATIGUE,3.6,8.0,0.55,0.8,0.03,0.45,1.0,0.19999999999999996,0.05,0.11999999999999995,STABLE,0.15,0.7999999999999997,0.2000000000000003,7.800000000000028,DENY,DENY_FINAL
221,CYCLIC_FATIGUE,3.6,8.0,0.55,0.8,0.03,0.45,1.0,0.19999999999999996,0.05,0.11999999999999995,STABLE,0.15,0.7999999999999997,0.2000000000000003,7.900000000000029,DENY,DENY_FINAL
222,CYCLIC_FATIGUE,3.6,8.0,0.55,0.8,0.03,0.45,1.0,0.19999999999999996,0.05,0.11999999999999995,STABLE,0.15,0.7999999999999997,0.2000000000000003,8.000000000000028,DENY,DENY_FINAL
223,CYCLIC_FATIGUE,3.6,8.0,0.55,0.8,0.03,0.45,1.0,0.19999999999999996,0.05,0.11999999999999995,STABLE,0.15,0.7999999999999997,0.2000000000000003,8.100000000000028,DENY,DENY_FINAL
224,CYCLIC_FATIGUE,3.6,8.0,0.55,0.8,0.03,0.45,1.0,0.19999999999999996,0.05,0.11999999999999995,STABLE,0.15,0.7999999999999997,0.2000000000000003,8.200000000000028,DENY,DENY_FINAL
225,CYCLIC_FATIGUE,3.6,8.0,0.55,0.8,0.03,0.45,1.0,0.19999999999999996,0.05,0.11999999999999995,STABLE,0.15,0.7999999999999997,0.2000000000000003,8.300000000000027,DENY,DENY_FINAL
226,CYCLIC_FATIGUE,3.6,8.0,0.55,0.8,0.03,0.45,1.0,0.19999999999999996,0.05,0.11999999999999995,STABLE,0.15,0.7999999999999997,0.2000000000000003,8.400000000000027,DENY,DENY_FINAL
227,CYCLIC_FATIGUE,3.6,8.0,0.55,0.8,0.03,0.45,1.0,0.19999999999999996,0.0,0.16999999999999996,STABLE,0.15,1.0,0.0,8.400000000000027,DENY,DENY_FINAL
228,CYCLIC_FATIGUE,3.6,8.0,0.55,0.8,0.03,0.45,1.0,0.19999999999999996,0.0,0.16999999999999996,STABLE,0.15,1.0,0.0,8.400000000000027,DENY,DENY_FINAL
229,CYCLIC_FATIGUE,3.6,8.0,0.55,0.8,0.03,0.45,1.0,0.19999999999999996,0.0,0.16999999999999996,STABLE,0.15,1.0,0.0,8.400000000000027,DENY,DENY_FINAL
230,CYCLIC_FATIGUE,3.6,8.0,0.55,0.8,0.03,0.45,1.0,0.19999999999999996,0.0,0.16999999999999996,STABLE,0.15,1.0,0.0,8.400000000000027,DENY,DENY_FINAL
231,CYCLIC_FATIGUE,3.6,8.0,0.55,0.8,0.03,0.45,1.0,0.19999999999999996,0.0,0.16999999999999996,STABLE,0.15,1.0,0.0,8.400000000000027,DENY,DENY_FINAL
232,CYCLIC_FATIGUE,3.6,8.0,0.55,0.8,0.03,0.45,1.0,0.19999999999999996,0.0,0.16999999999999996,STABLE,0.15,1.0,0.0,8.400000000000027,DENY,DENY_FINAL
233,CYCLIC_FATIGUE,3.6,8.0,0.55,0.8,0.03,0.45,1.0,0.19999999999999996,0.0,0.16999999999999996,STABLE,0.15,1.0,0.0,8.400000000000027,DENY,DENY_FINAL
234,CYCLIC_FATIGUE,3.6,8.0,0.55,0.8,0.03,0.45,1.0,0.19999999999999996,0.0,0.16999999999999996,STABLE,0.15,1.0,0.0,8.400000000000027,DENY,DENY_FINAL
235,CYCLIC_FATIGUE,3.6,8.0,0.55,0.8,0.03,0.45,1.0,0.19999999999999996,0.0,0.16999999999999996,STABLE,0.15,1.0,0.0,8.400000000000027,DENY,DENY_FINAL
236,CYCLIC_FATIGUE,3.6,8.0,0.55,0.8,0.03,0.45,1.0,0.19999999999999996,0.0,0.16999999999999996,STABLE,0.15,1.0,0.0,8.400000000000027,DENY,DENY_FINAL
237,CYCLIC_FATIGUE,3.6,8.0,0.55,0.8,0.03,0.45,1.0,0.19999999999999996,0.0,0.16999999999999996,STABLE,0.15,1.0,0.0,8.400000000000027,DENY,DENY_FINAL
238,CYCLIC_FATIGUE,3.6,8.0,0.55,0.8,0.03,0.45,1.0,0.19999999999999996,0.0,0.16999999999999996,STABLE,0.15,1.0,0.0,8.400000000000027,DENY,DENY_FINAL
239,CYCLIC_FATIGUE,3.6,8.0,0.55,0.8,0.03,0.45,1.0,0.19999999999999996,0.0,0.16999999999999996,STABLE,0.15,1.0,0.0,8.400000000000027,DENY,DENY_FINAL
240,CYCLIC_FATIGUE,3.6,8.0,0.55,0.8,0.03,0.45,1.0,0.19999999999999996,0.05,0.11999999999999995,STABLE,0.15,0.7999999999999997,0.2000000000000003,8.500000000000027,DENY,DENY_FINAL
241,CYCLIC_FATIGUE,3.6,8.0,0.55,0.8,0.03,0.45,1.0,0.19999999999999996,0.05,0.11999999999999995,STABLE,0.15,0.7999999999999997,0.2000000000000003,8.600000000000026,DENY,DENY_FINAL
242,CYCLIC_FATIGUE,3.6,8.0,0.55,0.8,0.03,0.45,1.0,0.19999999999999996,0.05,0.11999999999999995,STABLE,0.15,0.7999999999999997,0.2000000000000003,8.700000000000026,DENY,DENY_FINAL
243,CYCLIC_FATIGUE,3.6,8.0,0.55,0.8,0.03,0.45,1.0,0.19999999999999996,0.05,0.11999999999999995,STABLE,0.15,0.7999999999999997,0.2000000000000003,8.800000000000026,DENY,DENY_FINAL
244,CYCLIC_FATIGUE,3.6,8.0,0.55,0.8,0.03,0.45,1.0,0.19999999999999996,0.05,0.11999999999999995,STABLE,0.15,0.7999999999999997,0.2000000000000003,8.900000000000025,DENY,DENY_FINAL
245,CYCLIC_FATIGUE,3.6,8.0,0.55,0.8,0.03,0.45,1.0,0.19999999999999996,0.05,0.11999999999999995,STABLE,0.15,0.7999999999999997,0.2000000000000003,9.000000000000025,DENY,DENY_FINAL
246,CYCLIC_FATIGUE,3.6,8.0,0.55,0.8,0.03,0.45,1.0,0.19999999999999996,0.05,0.11999999999999995,STABLE,0.15,0.7999999999999997,0.2000000000000003,9.100000000000025,DENY,DENY_FINAL
247,CYCLIC_FATIGUE,3.6,8.0,0.55,0.8,0.03,0.45,1.0,0.19999999999999996,0.0,0.16999999999999996,STABLE,0.15,1.0,0.0,9.100000000000025,DENY,DENY_FINAL
248,CYCLIC_FATIGUE,3.6,8.0,0.55,0.8,0.03,0.45,1.0,0.19999999999999996,0.0,0.16999999999999996,STABLE,0.15,1.0,0.0,9.100000000000025,DENY,DENY_FINAL
249,CYCLIC_FATIGUE,3.6,8.0,0.55,0.8,0.03,0.45,1.0,0.19999999999999996,0.0,0.16999999999999996,STABLE,0.15,1.0,0.0,9.100000000000025,DENY,DENY_FINAL
250,CYCLIC_FATIGUE,3.6,8.0,0.55,0.8,0.03,0.45,1.0,0.19999999999999996,0.0,0.16999999999999996,STABLE,0.15,1.0,0.0,9.100000000000025,DENY,DENY_FINAL
251,CYCLIC_FATIGUE,3.6,8.0,0.55,0.8,0.03,0.45,1.0,0.19999999999999996,0.0,0.16999999999999996,STABLE,0.15,1.0,0.0,9.100000000000025,DENY,DENY_FINAL
252,CYCLIC_FATIGUE,3.6,8.0,0.55,0.8,0.03,0.45,1.0,0.19999999999999996,0.0,0.16999999999999996,STABLE,0.15,1.0,0.0,9.100000000000025,DENY,DENY_FINAL
253,CYCLIC_FATIGUE,3.6,8.0,0.55,0.8,0.03,0.45,1.0,0.19999999999999996,0.0,0.16999999999999996,STABLE,0.15,1.0,0.0,9.100000000000025,DENY,DENY_FINAL
254,CYCLIC_FATIGUE,3.6,8.0,0.55,0.8,0.03,0.45,1.0,0.19999999999999996,0.0,0.16999999999999996,STABLE,0.15,1.0,0.0,9.100000000000025,DENY,DENY_FINAL
255,CYCLIC_FATIGUE,3.6,8.0,0.55,0.8,0.03,0.45,1.0,0.19999999999999996,0.0,0.16999999999999996,STABLE,0.15,1.0,0.0,9.100000000000025,DENY,DENY_FINAL
256,CYCLIC_FATIGUE,3.6,8.0,0.55,0.8,0.03,0.45,1.0,0.19999999999999996,0.0,0.16999999999999996,STABLE,0.15,1.0,0.0,9.100000000000025,DENY,DENY_FINAL
257,CYCLIC_FATIGUE,3.6,8.0,0.55,0.8,0.03,0.45,1.0,0.19999999999999996,0.0,0.16999999999999996,STABLE,0.15,1.0,0.0,9.100000000000025,DENY,DENY_FINAL
258,CYCLIC_FATIGUE,3.6,8.0,0.55,0.8,0.03,0.45,1.0,0.19999999999999996,0.0,0.16999999999999996,STABLE,0.15,1.0,0.0,9.100000000000025,DENY,DENY_FINAL
259,CYCLIC_FATIGUE,3.6,8.0,0.55,0.8,0.03,0.45,1.0,0.19999999999999996,0.0,0.16999999999999996,STABLE,0.15,1.0,0.0,9.100000000000025,DENY,DENY_FINAL
260,CYCLIC_FATIGUE,3.6,8.0,0.55,0.8,0.03,0.45,1.0,0.19999999999999996,0.05,0.11999999999999995,STABLE,0.15,0.7999999999999997,0.2000000000000003,9.200000000000024,DENY,DENY_FINAL
261,CYCLIC_FATIGUE,3.6,8.0,0.55,0.8,0.03,0.45,1.0,0.19999999999999996,0.05,0.11999999999999995,STABLE,0.15,0.7999999999999997,0.2000000000000003,9.300000000000024,DENY,DENY_FINAL
262,CYCLIC_FATIGUE,3.6,8.0,0.55,0.8,0.03,0.45,1.0,0.19999999999999996,0.05,0.11999999999999995,STABLE,0.15,0.7999999999999997,0.2000000000000003,9.400000000000023,DENY,DENY_FINAL
263,CYCLIC_FATIGUE,3.6,8.0,0.55,0.8,0.03,0.45,1.0,0.19999999999999996,0.05,0.11999999999999995,STABLE,0.15,0.7999999999999997,0.2000000000000003,9.500000000000023,DENY,DENY_FINAL
264,CYCLIC_FATIGUE,3.6,8.0,0.55,0.8,0.03,0.45,1.0,0.19999999999999996,0.05,0.11999999999999995,STABLE,0.15,0.7999999999999997,0.2000000000000003,9.600000000000023,DENY,DENY_FINAL
265,CYCLIC_FATIGUE,3.6,8.0,0.55,0.8,0.03,0.45,1.0,0.19999999999999996,0.05,0.11999999999999995,STABLE,0.15,0.7999999999999997,0.2000000000000003,9.700000000000022,DENY,DENY_FINAL
266,CYCLIC_FATIGUE,3.6,8.0,0.55,0.8,0.03,0.45,1.0,0.19999999999999996,0.05,0.11999999999999995,STABLE,0.15,0.7999999999999997,0.2000000000000003,9.800000000000022,DENY,DENY_FINAL
267,CYCLIC_FATIGUE,3.6,8.0,0.55,0.8,0.03,0.45,1.0,0.19999999999999996,0.0,0.16999999999999996,STABLE,0.15,1.0,0.0,9.800000000000022,DENY,DENY_FINAL
268,CYCLIC_FATIGUE,3.6,8.0,0.55,0.8,0.03,0.45,1.0,0.19999999999999996,0.0,0.16999999999999996,STABLE,0.15,1.0,0.0,9.800000000000022,DENY,DENY_FINAL
269,CYCLIC_FATIGUE,3.6,8.0,0.55,0.8,0.03,0.45,1.0,0.19999999999999996,0.0,0.16999999999999996,STABLE,0.15,1.0,0.0,9.800000000000022,DENY,DENY_FINAL
270,CYCLIC_FATIGUE,3.6,8.0,0.55,0.8,0.03,0.45,1.0,0.19999999999999996,0.0,0.16999999999999996,STABLE,0.15,1.0,0.0,9.800000000000022,DENY,DENY_FINAL
271,CYCLIC_FATIGUE,3.6,8.0,0.55,0.8,0.03,0.45,1.0,0.19999999999999996,0.0,0.16999999999999996,STABLE,0.15,1.0,0.0,9.800000000000022,DENY,DENY_FINAL
272,CYCLIC_FATIGUE,3.6,8.0,0.55,0.8,0.03,0.45,1.0,0.19999999999999996,0.0,0.16999999999999996,STABLE,0.15,1.0,0.0,9.800000000000022,DENY,DENY_FINAL
273,CYCLIC_FATIGUE,3.6,8.0,0.55,0.8,0.03,0.45,1.0,0.19999999999999996,0.0,0.16999999999999996,STABLE,0.15,1.0,0.0,9.800000000000022,DENY,DENY_FINAL
274,CYCLIC_FATIGUE,3.6,8.0,0.55,0.8,0.03,0.45,1.0,0.19999999999999996,0.0,0.16999999999999996,STABLE,0.15,1.0,0.0,9.800000000000022,DENY,DENY_FINAL
275,CYCLIC_FATIGUE,3.6,8.0,0.55,0.8,0.03,0.45,1.0,0.19999999999999996,0.0,0.16999999999999996,STABLE,0.15,1.0,0.0,9.800000000000022,DENY,DENY_FINAL
276,CYCLIC_FATIGUE,3.6,8.0,0.55,0.8,0.03,0.45,1.0,0.19999999999999996,0.0,0.16999999999999996,STABLE,0.15,1.0,0.0,9.800000000000022,DENY,DENY_FINAL
277,CYCLIC_FATIGUE,3.6,8.0,0.55,0.8,0.03,0.45,1.0,0.19999999999999996,0.0,0.16999999999999996,STABLE,0.15,1.0,0.0,9.800000000000022,DENY,DENY_FINAL
278,CYCLIC_FATIGUE,3.6,8.0,0.55,0.8,0.03,0.45,1.0,0.19999999999999996,0.0,0.16999999999999996,STABLE,0.15,1.0,0.0,9.800000000000022,DENY,DENY_FINAL
279,CYCLIC_FATIGUE,3.6,8.0,0.55,0.8,0.03,0.45,1.0,0.19999999999999996,0.0,0.16999999999999996,STABLE,0.15,1.0,0.0,9.800000000000022,DENY,DENY_FINAL
280,CYCLIC_FATIGUE,3.6,8.0,0.55,0.8,0.03,0.45,1.0,0.19999999999999996,0.05,0.11999999999999995,STABLE,0.15,0.7999999999999997,0.2000000000000003,9.900000000000022,DENY,DENY_FINAL
281,CYCLIC_FATIGUE,3.6,8.0,0.55,0.8,0.03,0.45,1.0,0.19999999999999996,0.05,0.11999999999999995,STABLE,0.15,0.7999999999999997,0.2000000000000003,10.000000000000021,DENY,DENY_FINAL
282,CYCLIC_FATIGUE,3.6,8.0,0.55,0.8,0.03,0.45,1.0,0.19999999999999996,0.05,0.11999999999999995,STABLE,0.15,0.7999999999999997,0.2000000000000003,10.100000000000021,DENY,DENY_FINAL
283,CYCLIC_FATIGUE,3.6,8.0,0.55,0.8,0.03,0.45,1.0,0.19999999999999996,0.05,0.11999999999999995,STABLE,0.15,0.7999999999999997,0.2000000000000003,10.20000000000002,DENY,DENY_FINAL
284,CYCLIC_FATIGUE,3.6,8.0,0.55,0.8,0.03,0.45,1.0,0.19999999999999996,0.05,0.11999999999999995,STABLE,0.15,0.7999999999999997,0.2000000000000003,10.30000000000002,DENY,DENY_FINAL
285,CYCLIC_FATIGUE,3.6,8.0,0.55,0.8,0.03,0.45,1.0,0.19999999999999996,0.05,0.11999999999999995,STABLE,0.15,0.7999999999999997,0.2000000000000003,10.40000000000002,DENY,DENY_FINAL
286,CYCLIC_FATIGUE,3.6,8.0,0.55,0.8,0.03,0.45,1.0,0.19999999999999996,0.05,0.11999999999999995,STABLE,0.15,0.7999999999999997,0.2000000000000003,10.50000000000002,DENY,DENY_FINAL
287,CYCLIC_FATIGUE,3.6,8.0,0.55,0.8,0.03,0.45,1.0,0.19999999999999996,0.0,0.16999999999999996,STABLE,0.15,1.0,0.0,10.50000000000002,DENY,DENY_FINAL
288,CYCLIC_FATIGUE,3.6,8.0,0.55,0.8,0.03,0.45,1.0,0.19999999999999996,0.0,0.16999999999999996,STABLE,0.15,1.0,0.0,10.50000000000002,DENY,DENY_FINAL
289,CYCLIC_FATIGUE,3.6,8.0,0.55,0.8,0.03,0.45,1.0,0.19999999999999996,0.0,0.16999999999999996,STABLE,0.15,1.0,0.0,10.50000000000002,DENY,DENY_FINAL
290,CYCLIC_FATIGUE,3.6,8.0,0.55,0.8,0.03,0.45,1.0,0.19999999999999996,0.0,0.16999999999999996,STABLE,0.15,1.0,0.0,10.50000000000002,DENY,DENY_FINAL
291,CYCLIC_FATIGUE,3.6,8.0,0.55,0.8,0.03,0.45,1.0,0.19999999999999996,0.0,0.16999999999999996,STABLE,0.15,1.0,0.0,10.50000000000002,DENY,DENY_FINAL
292,CYCLIC_FATIGUE,3.6,8.0,0.55,0.8,0.03,0.45,1.0,0.19999999999999996,0.0,0.16999999999999996,STABLE,0.15,1.0,0.0,10.50000000000002,DENY,DENY_FINAL
293,CYCLIC_FATIGUE,3.6,8.0,0.55,0.8,0.03,0.45,1.0,0.19999999999999996,0.0,0.16999999999999996,STABLE,0.15,1.0,0.0,10.50000000000002,DENY,DENY_FINAL
294,CYCLIC_FATIGUE,3.6,8.0,0.55,0.8,0.03,0.45,1.0,0.19999999999999996,0.0,0.16999999999999996,STABLE,0.15,1.0,0.0,10.50000000000002,DENY,DENY_FINAL
295,CYCLIC_FATIGUE,3.6,8.0,0.55,0.8,0.03,0.45,1.0,0.19999999999999996,0.0,0.16999999999999996,STABLE,0.15,1.0,0.0,10.50000000000002,DENY,DENY_FINAL
296,CYCLIC_FATIGUE,3.6,8.0,0.55,0.8,0.03,0.45,1.0,0.19999999999999996,0.0,0.16999999999999996,STABLE,0.15,1.0,0.0,10.50000000000002,DENY,DENY_FINAL
297,CYCLIC_FATIGUE,3.6,8.0,0.55,0.8,0.03,0.45,1.0,0.19999999999999996,0.0,0.16999999999999996,STABLE,0.15,1.0,0.0,10.50000000000002,DENY,DENY_FINAL
298,CYCLIC_FATIGUE,3.6,8.0,0.55,0.8,0.03,0.45,1.0,0.19999999999999996,0.0,0.16999999999999996,STABLE,0.15,1.0,0.0,10.50000000000002,DENY,DENY_FINAL
299,CYCLIC_FATIGUE,3.6,8.0,0.55,0.8,0.03,0.45,1.0,0.19999999999999996,0.0,0.16999999999999996,STABLE,0.15,1.0,0.0,10.50000000000002,DENY,DENY_FINAL
300,CYCLIC_FATIGUE,3.6,8.0,0.55,0.8,0.03,0.45,1.0,0.19999999999999996,0.05,0.11999999999999995,STABLE,0.15,0.7999999999999997,0.2000000000000003,10.60000000000002,DENY,DENY_FINAL
301,CYCLIC_FATIGUE,3.6,8.0,0.55,0.8,0.03,0.45,1.0,0.19999999999999996,0.05,0.11999999999999995,STABLE,0.15,0.7999999999999997,0.2000000000000003,10.700000000000019,DENY,DENY_FINAL
302,CYCLIC_FATIGUE,3.6,8.0,0.55,0.8,0.03,0.45,1.0,0.19999999999999996,0.05,0.11999999999999995,STABLE,0.15,0.7999999999999997,0.2000000000000003,10.800000000000018,DENY,DENY_FINAL
303,CYCLIC_FATIGUE,3.6,8.0,0.55,0.8,0.03,0.45,1.0,0.19999999999999996,0.05,0.11999999999999995,STABLE,0.15,0.7999999999999997,0.2000000000000003,10.900000000000018,DENY,DENY_FINAL
304,CYCLIC_FATIGUE,3.6,8.0,0.55,0.8,0.03,0.45,1.0,0.19999999999999996,0.05,0.11999999999999995,STABLE,0.15,0.7999999999999997,0.2000000000000003,11.000000000000018,DENY,DENY_FINAL
305,CYCLIC_FATIGUE,3.6,8.0,0.55,0.8,0.03,0.45,1.0,0.19999999999999996,0.05,0.11999999999999995,STABLE,0.15,0.7999999999999997,0.2000000000000003,11.100000000000017,DENY,DENY_FINAL
306,CYCLIC_FATIGUE,3.6,8.0,0.55,0.8,0.03,0.45,1.0,0.19999999999999996,0.05,0.11999999999999995,STABLE,0.15,0.7999999999999997,0.2000000000000003,11.200000000000017,DENY,DENY_FINAL
307,CYCLIC_FATIGUE,3.6,8.0,0.55,0.8,0.03,0.45,1.0,0.19999999999999996,0.0,0.16999999999999996,STABLE,0.15,1.0,0.0,11.200000000000017,DENY,DENY_FINAL
308,CYCLIC_FATIGUE,3.6,8.0,0.55,0.8,0.03,0.45,1.0,0.19999999999999996,0.0,0.16999999999999996,STABLE,0.15,1.0,0.0,11.200000000000017,DENY,DENY_FINAL
309,CYCLIC_FATIGUE,3.6,8.0,0.55,0.8,0.03,0.45,1.0,0.19999999999999996,0.0,0.16999999999999996,STABLE,0.15,1.0,0.0,11.200000000000017,DENY,DENY_FINAL
310,CYCLIC_FATIGUE,3.6,8.0,0.55,0.8,0.03,0.45,1.0,0.19999999999999996,0.0,0.16999999999999996,STABLE,0.15,1.0,0.0,11.200000000000017,DENY,DENY_FINAL
311,CYCLIC_FATIGUE,3.6,8.0,0.55,0.8,0.03,0.45,1.0,0.19999999999999996,0.0,0.16999999999999996,STABLE,0.15,1.0,0.0,11.200000000000017,DENY,DENY_FINAL
312,CYCLIC_FATIGUE,3.6,8.0,0.55,0.8,0.03,0.45,1.0,0.19999999999999996,0.0,0.16999999999999996,STABLE,0.15,1.0,0.0,11.200000000000017,DENY,DENY_FINAL
313,CYCLIC_FATIGUE,3.6,8.0,0.55,0.8,0.03,0.45,1.0,0.19999999999999996,0.0,0.16999999999999996,STABLE,0.15,1.0,0.0,11.200000000000017,DENY,DENY_FINAL
314,CYCLIC_FATIGUE,3.6,8.0,0.55,0.8,0.03,0.45,1.0,0.19999999999999996,0.0,0.16999999999999996,STABLE,0.15,1.0,0.0,11.200000000000017,DENY,DENY_FINAL
315,CYCLIC_FATIGUE,3.6,8.0,0.55,0.8,0.03,0.45,1.0,0.19999999999999996,0.0,0.16999999999999996,STABLE,0.15,1.0,0.0,11.200000000000017,DENY,DENY_FINAL
316,CYCLIC_FATIGUE,3.6,8.0,0.55,0.8,0.03,0.45,1.0,0.19999999999999996,0.0,0.16999999999999996,STABLE,0.15,1.0,0.0,11.200000000000017,DENY,DENY_FINAL
317,CYCLIC_FATIGUE,3.6,8.0,0.55,0.8,0.03,0.45,1.0,0.19999999999999996,0.0,0.16999999999999996,STABLE,0.15,1.0,0.0,11.200000000000017,DENY,DENY_FINAL
318,CYCLIC_FATIGUE,3.6,8.0,0.55,0.8,0.03,0.45,1.0,0.19999999999999996,0.0,0.16999999999999996,STABLE,0.15,1.0,0.0,11.200000000000017,DENY,DENY_FINAL
319,CYCLIC_FATIGUE,3.6,8.0,0.55,0.8,0.03,0.45,1.0,0.19999999999999996,0.0,0.16999999999999996,STABLE,0.15,1.0,0.0,11.200000000000017,DENY,DENY_FINAL
320,CYCLIC_FATIGUE,3.6,8.0,0.55,0.8,0.03,0.45,1.0,0.19999999999999996,0.05,0.11999999999999995,STABLE,0.15,0.7999999999999997,0.2000000000000003,11.300000000000017,DENY,DENY_FINAL
321,CYCLIC_FATIGUE,3.6,8.0,0.55,0.8,0.03,0.45,1.0,0.19999999999999996,0.05,0.11999999999999995,STABLE,0.15,0.7999999999999997,0.2000000000000003,11.400000000000016,DENY,DENY_FINAL
322,CYCLIC_FATIGUE,3.6,8.0,0.55,0.8,0.03,0.45,1.0,0.19999999999999996,0.05,0.11999999999999995,STABLE,0.15,0.7999999999999997,0.2000000000000003,11.500000000000016,DENY,DENY_FINAL
323,CYCLIC_FATIGUE,3.6,8.0,0.55,0.8,0.03,0.45,1.0,0.19999999999999996,0.05,0.11999999999999995,STABLE,0.15,0.7999999999999997,0.2000000000000003,11.600000000000016,DENY,DENY_FINAL
324,CYCLIC_FATIGUE,3.6,8.0,0.55,0.8,0.03,0.45,1.0,0.19999999999999996,0.05,0.11999999999999995,STABLE,0.15,0.7999999999999997,0.2000000000000003,11.700000000000015,DENY,DENY_FINAL
325,CYCLIC_FATIGUE,3.6,8.0,0.55,0.8,0.03,0.45,1.0,0.19999999999999996,0.05,0.11999999999999995,STABLE,0.15,0.7999999999999997,0.2000000000000003,11.800000000000015,DENY,DENY_FINAL
326,CYCLIC_FATIGUE,3.6,8.0,0.55,0.8,0.03,0.45,1.0,0.19999999999999996,0.05,0.11999999999999995,STABLE,0.15,0.7999999999999997,0.2000000000000003,11.900000000000015,DENY,DENY_FINAL
327,CYCLIC_FATIGUE,3.6,8.0,0.55,0.8,0.03,0.45,1.0,0.19999999999999996,0.0,0.16999999999999996,STABLE,0.15,1.0,0.0,11.900000000000015,DENY,DENY_FINAL
328,CYCLIC_FATIGUE,3.6,8.0,0.55,0.8,0.03,0.45,1.0,0.19999999999999996,0.0,0.16999999999999996,STABLE,0.15,1.0,0.0,11.900000000000015,DENY,DENY_FINAL
329,CYCLIC_FATIGUE,3.6,8.0,0.55,0.8,0.03,0.45,1.0,0.19999999999999996,0.0,0.16999999999999996,STABLE,0.15,1.0,0.0,11.900000000000015,DENY,DENY_FINAL
330,CYCLIC_FATIGUE,3.6,8.0,0.55,0.8,0.03,0.45,1.0,0.19999999999999996,0.0,0.16999999999999996,STABLE,0.15,1.0,0.0,11.900000000000015,DENY,DENY_FINAL
331,CYCLIC_FATIGUE,3.6,8.0,0.55,0.8,0.03,0.45,1.0,0.19999999999999996,0.0,0.16999999999999996,STABLE,0.15,1.0,0.0,11.900000000000015,DENY,DENY_FINAL
332,CYCLIC_FATIGUE,3.6,8.0,0.55,0.8,0.03,0.45,1.0,0.19999999999999996,0.0,0.16999999999999996,STABLE,0.15,1.0,0.0,11.900000000000015,DENY,DENY_FINAL
333,CYCLIC_FATIGUE,3.6,8.0,0.55,0.8,0.03,0.45,1.0,0.19999999999999996,0.0,0.16999999999999996,STABLE,0.15,1.0,0.0,11.900000000000015,DENY,DENY_FINAL
334,CYCLIC_FATIGUE,3.6,8.0,0.55,0.8,0.03,0.45,1.0,0.19999999999999996,0.0,0.16999999999999996,STABLE,0.15,1.0,0.0,11.900000000000015,DENY,DENY_FINAL
335,CYCLIC_FATIGUE,3.6,8.0,0.55,0.8,0.03,0.45,1.0,0.19999999999999996,0.0,0.16999999999999996,STABLE,0.15,1.0,0.0,11.900000000000015,DENY,DENY_FINAL
336,CYCLIC_FATIGUE,3.6,8.0,0.55,0.8,0.03,0.45,1.0,0.19999999999999996,0.0,0.16999999999999996,STABLE,0.15,1.0,0.0,11.900000000000015,DENY,DENY_FINAL
337,CYCLIC_FATIGUE,3.6,8.0,0.55,0.8,0.03,0.45,1.0,0.19999999999999996,0.0,0.16999999999999996,STABLE,0.15,1.0,0.0,11.900000000000015,DENY,DENY_FINAL
338,CYCLIC_FATIGUE,3.6,8.0,0.55,0.8,0.03,0.45,1.0,0.19999999999999996,0.0,0.16999999999999996,STABLE,0.15,1.0,0.0,11.900000000000015,DENY,DENY_FINAL
339,CYCLIC_FATIGUE,3.6,8.0,0.55,0.8,0.03,0.45,1.0,0.19999999999999996,0.0,0.16999999999999996,STABLE,0.15,1.0,0.0,11.900000000000015,DENY,DENY_FINAL
340,CYCLIC_FATIGUE,3.6,8.0,0.55,0.8,0.03,0.45,1.0,0.19999999999999996,0.05,0.11999999999999995,STABLE,0.15,0.7999999999999997,0.2000000000000003,12.000000000000014,DENY,DENY_FINAL
341,CYCLIC_FATIGUE,3.6,8.0,0.55,0.8,0.03,0.45,1.0,0.19999999999999996,0.05,0.11999999999999995,STABLE,0.15,0.7999999999999997,0.2000000000000003,12.100000000000014,DENY,DENY_FINAL
342,CYCLIC_FATIGUE,3.6,8.0,0.55,0.8,0.03,0.45,1.0,0.19999999999999996,0.05,0.11999999999999995,STABLE,0.15,0.7999999999999997,0.2000000000000003,12.200000000000014,DENY,DENY_FINAL
343,CYCLIC_FATIGUE,3.6,8.0,0.55,0.8,0.03,0.45,1.0,0.19999999999999996,0.05,0.11999999999999995,STABLE,0.15,0.7999999999999997,0.2000000000000003,12.300000000000013,DENY,DENY_FINAL
344,CYCLIC_FATIGUE,3.6,8.0,0.55,0.8,0.03,0.45,1.0,0.19999999999999996,0.05,0.11999999999999995,STABLE,0.15,0.7999999999999997,0.2000000000000003,12.400000000000013,DENY,DENY_FINAL
345,CYCLIC_FATIGUE,3.6,8.0,0.55,0.8,0.03,0.45,1.0,0.19999999999999996,0.05,0.11999999999999995,STABLE,0.15,0.7999999999999997,0.2000000000000003,12.500000000000012,DENY,DENY_FINAL
346,CYCLIC_FATIGUE,3.6,8.0,0.55,0.8,0.03,0.45,1.0,0.19999999999999996,0.05,0.11999999999999995,STABLE,0.15,0.7999999999999997,0.2000000000000003,12.600000000000012,DENY,DENY_FINAL
347,CYCLIC_FATIGUE,3.6,8.0,0.55,0.8,0.03,0.45,1.0,0.19999999999999996,0.0,0.16999999999999996,STABLE,0.15,1.0,0.0,12.600000000000012,DENY,DENY_FINAL
348,CYCLIC_FATIGUE,3.6,8.0,0.55,0.8,0.03,0.45,1.0,0.19999999999999996,0.0,0.16999999999999996,STABLE,0.15,1.0,0.0,12.600000000000012,DENY,DENY_FINAL
349,CYCLIC_FATIGUE,3.6,8.0,0.55,0.8,0.03,0.45,1.0,0.19999999999999996,0.0,0.16999999999999996,STABLE,0.15,1.0,0.0,12.600000000000012,DENY,DENY_FINAL
350,CYCLIC_FATIGUE,3.6,8.0,0.55,0.8,0.03,0.45,1.0,0.19999999999999996,0.0,0.16999999999999996,STABLE,0.15,1.0,0.0,12.600000000000012,DENY,DENY_FINAL
351,CYCLIC_FATIGUE,3.6,8.0,0.55,0.8,0.03,0.45,1.0,0.19999999999999996,0.0,0.16999999999999996,STABLE,0.15,1.0,0.0,12.600000000000012,DENY,DENY_FINAL
352,CYCLIC_FATIGUE,3.6,8.0,0.55,0.8,0.03,0.45,1.0,0.19999999999999996,0.0,0.16999999999999996,STABLE,0.15,1.0,0.0,12.600000000000012,DENY,DENY_FINAL
353,CYCLIC_FATIGUE,3.6,8.0,0.55,0.8,0.03,0.45,1.0,0.19999999999999996,0.0,0.16999999999999996,STABLE,0.15,1.0,0.0,12.600000000000012,DENY,DENY_FINAL
354,CYCLIC_FATIGUE,3.6,8.0,0.55,0.8,0.03,0.45,1.0,0.19999999999999996,0.0,0.16999999999999996,STABLE,0.15,1.0,0.0,12.600000000000012,DENY,DENY_FINAL
355,CYCLIC_FATIGUE,3.6,8.0,0.55,0.8,0.03,0.45,1.0,0.19999999999999996,0.0,0.16999999999999996,STABLE,0.15,1.0,0.0,12.600000000000012,DENY,DENY_FINAL
356,CYCLIC_FATIGUE,3.6,8.0,0.55,0.8,0.03,0.45,1.0,0.19999999999999996,0.0,0.16999999999999996,STABLE,0.15,1.0,0.0,12.600000000000012,DENY,DENY_FINAL
357,CYCLIC_FATIGUE,3.6,8.0,0.55,0.8,0.03,0.45,1.0,0.19999999999999996,0.0,0.16999999999999996,STABLE,0.15,1.0,0.0,12.600000000000012,DENY,DENY_FINAL
358,CYCLIC_FATIGUE,3.6,8.0,0.55,0.8,0.03,0.45,1.0,0.19999999999999996,0.0,0.16999999999999996,STABLE,0.15,1.0,0.0,12.600000000000012,DENY,DENY_FINAL
359,CYCLIC_FATIGUE,3.6,8.0,0.55,0.8,0.03,0.45,1.0,0.19999999999999996,0.0,0.16999999999999996,STABLE,0.15,1.0,0.0,12.600000000000012,DENY,DENY_FINAL
360,CYCLIC_FATIGUE,3.6,8.0,0.55,0.8,0.03,0.45,1.0,0.19999999999999996,0.05,0.11999999999999995,STABLE,0.15,0.7999999999999997,0.2000000000000003,12.700000000000012,DENY,DENY_FINAL
361,CYCLIC_FATIGUE,3.6,8.0,0.55,0.8,0.03,0.45,1.0,0.19999999999999996,0.05,0.11999999999999995,STABLE,0.15,0.7999999999999997,0.2000000000000003,12.800000000000011,DENY,DENY_FINAL
362,CYCLIC_FATIGUE,3.6,8.0,0.55,0.8,0.03,0.45,1.0,0.19999999999999996,0.05,0.11999999999999995,STABLE,0.15,0.7999999999999997,0.2000000000000003,12.900000000000011,DENY,DENY_FINAL
363,CYCLIC_FATIGUE,3.6,8.0,0.55,0.8,0.03,0.45,1.0,0.19999999999999996,0.05,0.11999999999999995,STABLE,0.15,0.7999999999999997,0.2000000000000003,13.00000000000001,DENY,DENY_FINAL
364,CYCLIC_FATIGUE,3.6,8.0,0.55,0.8,0.03,0.45,1.0,0.19999999999999996,0.05,0.11999999999999995,STABLE,0.15,0.7999999999999997,0.2000000000000003,13.10000000000001,DENY,DENY_FINAL
365,CYCLIC_FATIGUE,3.6,8.0,0.55,0.8,0.03,0.45,1.0,0.19999999999999996,0.05,0.11999999999999995,STABLE,0.15,0.7999999999999997,0.2000000000000003,13.20000000000001,DENY,DENY_FINAL
366,CYCLIC_FATIGUE,3.6,8.0,0.55,0.8,0.03,0.45,1.0,0.19999999999999996,0.05,0.11999999999999995,STABLE,0.15,0.7999999999999997,0.2000000000000003,13.30000000000001,DENY,DENY_FINAL
367,CYCLIC_FATIGUE,3.6,8.0,0.55,0.8,0.03,0.45,1.0,0.19999999999999996,0.0,0.16999999999999996,STABLE,0.15,1.0,0.0,13.30000000000001,DENY,DENY_FINAL
368,CYCLIC_FATIGUE,3.6,8.0,0.55,0.8,0.03,0.45,1.0,0.19999999999999996,0.0,0.16999999999999996,STABLE,0.15,1.0,0.0,13.30000000000001,DENY,DENY_FINAL
369,CYCLIC_FATIGUE,3.6,8.0,0.55,0.8,0.03,0.45,1.0,0.19999999999999996,0.0,0.16999999999999996,STABLE,0.15,1.0,0.0,13.30000000000001,DENY,DENY_FINAL
370,CYCLIC_FATIGUE,3.6,8.0,0.55,0.8,0.03,0.45,1.0,0.19999999999999996,0.0,0.16999999999999996,STABLE,0.15,1.0,0.0,13.30000000000001,DENY,DENY_FINAL
371,CYCLIC_FATIGUE,3.6,8.0,0.55,0.8,0.03,0.45,1.0,0.19999999999999996,0.0,0.16999999999999996,STABLE,0.15,1.0,0.0,13.30000000000001,DENY,DENY_FINAL
372,CYCLIC_FATIGUE,3.6,8.0,0.55,0.8,0.03,0.45,1.0,0.19999999999999996,0.0,0.16999999999999996,STABLE,0.15,1.0,0.0,13.30000000000001,DENY,DENY_FINAL
373,CYCLIC_FATIGUE,3.6,8.0,0.55,0.8,0.03,0.45,1.0,0.19999999999999996,0.0,0.16999999999999996,STABLE,0.15,1.0,0.0,13.30000000000001,DENY,DENY_FINAL
374,CYCLIC_FATIGUE,3.6,8.0,0.55,0.8,0.03,0.45,1.0,0.19999999999999996,0.0,0.16999999999999996,STABLE,0.15,1.0,0.0,13.30000000000001,DENY,DENY_FINAL
375,CYCLIC_FATIGUE,3.6,8.0,0.55,0.8,0.03,0.45,1.0,0.19999999999999996,0.0,0.16999999999999996,STABLE,0.15,1.0,0.0,13.30000000000001,DENY,DENY_FINAL
376,CYCLIC_FATIGUE,3.6,8.0,0.55,0.8,0.03,0.45,1.0,0.19999999999999996,0.0,0.16999999999999996,STABLE,0.15,1.0,0.0,13.30000000000001,DENY,DENY_FINAL
377,CYCLIC_FATIGUE,3.6,8.0,0.55,0.8,0.03,0.45,1.0,0.19999999999999996,0.0,0.16999999999999996,STABLE,0.15,1.0,0.0,13.30000000000001,DENY,DENY_FINAL
378,CYCLIC_FATIGUE,3.6,8.0,0.55,0.8,0.03,0.45,1.0,0.19999999999999996,0.0,0.16999999999999996,STABLE,0.15,1.0,0.0,13.30000000000001,DENY,DENY_FINAL
379,CYCLIC_FATIGUE,3.6,8.0,0.55,0.8,0.03,0.45,1.0,0.19999999999999996,0.0,0.16999999999999996,STABLE,0.15,1.0,0.0,13.30000000000001,DENY,DENY_FINAL
380,CYCLIC_FATIGUE,3.6,8.0,0.55,0.8,0.03,0.45,1.0,0.19999999999999996,0.05,0.11999999999999995,STABLE,0.15,0.7999999999999997,0.2000000000000003,13.40000000000001,DENY,DENY_FINAL
381,CYCLIC_FATIGUE,3.6,8.0,0.55,0.8,0.03,0.45,1.0,0.19999999999999996,0.05,0.11999999999999995,STABLE,0.15,0.7999999999999997,0.2000000000000003,13.500000000000009,DENY,DENY_FINAL
382,CYCLIC_FATIGUE,3.6,8.0,0.55,0.8,0.03,0.45,1.0,0.19999999999999996,0.05,0.11999999999999995,STABLE,0.15,0.7999999999999997,0.2000000000000003,13.600000000000009,DENY,DENY_FINAL
383,CYCLIC_FATIGUE,3.6,8.0,0.55,0.8,0.03,0.45,1.0,0.19999999999999996,0.05,0.11999999999999995,STABLE,0.15,0.7999999999999997,0.2000000000000003,13.700000000000008,DENY,DENY_FINAL
384,CYCLIC_FATIGUE,3.6,8.0,0.55,0.8,0.03,0.45,1.0,0.19999999999999996,0.05,0.11999999999999995,STABLE,0.15,0.7999999999999997,0.2000000000000003,13.800000000000008,DENY,DENY_FINAL
385,CYCLIC_FATIGUE,3.6,8.0,0.55,0.8,0.03,0.45,1.0,0.19999999999999996,0.05,0.11999999999999995,STABLE,0.15,0.7999999999999997,0.2000000000000003,13.900000000000007,DENY,DENY_FINAL
386,CYCLIC_FATIGUE,3.6,8.0,0.55,0.8,0.03,0.45,1.0,0.19999999999999996,0.05,0.11999999999999995,STABLE,0.15,0.7999999999999997,0.2000000000000003,14.000000000000007,DENY,DENY_FINAL
387,CYCLIC_FATIGUE,3.6,8.0,0.55,0.8,0.03,0.45,1.0,0.19999999999999996,0.0,0.16999999999999996,STABLE,0.15,1.0,0.0,14.000000000000007,DENY,DENY_FINAL
388,CYCLIC_FATIGUE,3.6,8.0,0.55,0.8,0.03,0.45,1.0,0.19999999999999996,0.0,0.16999999999999996,STABLE,0.15,1.0,0.0,14.000000000000007,DENY,DENY_FINAL
389,CYCLIC_FATIGUE,3.6,8.0,0.55,0.8,0.03,0.45,1.0,0.19999999999999996,0.0,0.16999999999999996,STABLE,0.15,1.0,0.0,14.000000000000007,DENY,DENY_FINAL
390,CYCLIC_FATIGUE,3.6,8.0,0.55,0.8,0.03,0.45,1.0,0.19999999999999996,0.0,0.16999999999999996,STABLE,0.15,1.0,0.0,14.000000000000007,DENY,DENY_FINAL
391,CYCLIC_FATIGUE,3.6,8.0,0.55,0.8,0.03,0.45,1.0,0.19999999999999996,0.0,0.16999999999999996,STABLE,0.15,1.0,0.0,14.000000000000007,DENY,DENY_FINAL
392,CYCLIC_FATIGUE,3.6,8.0,0.55,0.8,0.03,0.45,1.0,0.19999999999999996,0.0,0.16999999999999996,STABLE,0.15,1.0,0.0,14.000000000000007,DENY,DENY_FINAL
393,CYCLIC_FATIGUE,3.6,8.0,0.55,0.8,0.03,0.45,1.0,0.19999999999999996,0.0,0.16999999999999996,STABLE,0.15,1.0,0.0,14.000000000000007,DENY,DENY_FINAL
394,CYCLIC_FATIGUE,3.6,8.0,0.55,0.8,0.03,0.45,1.0,0.19999999999999996,0.0,0.16999999999999996,STABLE,0.15,1.0,0.0,14.000000000000007,DENY,DENY_FINAL
395,CYCLIC_FATIGUE,3.6,8.0,0.55,0.8,0.03,0.45,1.0,0.19999999999999996,0.0,0.16999999999999996,STABLE,0.15,1.0,0.0,14.000000000000007,DENY,DENY_FINAL
396,CYCLIC_FATIGUE,3.6,8.0,0.55,0.8,0.03,0.45,1.0,0.19999999999999996,0.0,0.16999999999999996,STABLE,0.15,1.0,0.0,14.000000000000007,DENY,DENY_FINAL
397,CYCLIC_FATIGUE,3.6,8.0,0.55,0.8,0.03,0.45,1.0,0.19999999999999996,0.0,0.16999999999999996,STABLE,0.15,1.0,0.0,14.000000000000007,DENY,DENY_FINAL
398,CYCLIC_FATIGUE,3.6,8.0,0.55,0.8,0.03,0.45,1.0,0.19999999999999996,0.0,0.16999999999999996,STABLE,0.15,1.0,0.0,14.000000000000007,DENY,DENY_FINAL
399,CYCLIC_FATIGUE,3.6,8.0,0.55,0.8,0.03,0.45,1.0,0.19999999999999996,0.0,0.16999999999999996,STABLE,0.15,1.0,0.0,14.000000000000007,DENY,DENY_FINAL
